% Model,dns_simplified_-_inletOutlet_dispersivity_0-029_out_update.mph
% Version,COMSOL 5.3.0.223
% Date,"Jul 10 2017, 17:51"
% Table,Table 1 - Surface Integration 1 ((c/(0.1*0.1)))
% Time (s),(c/(0.1*0.1)) (kg/m)
0,0.9999067881385243
1000,0.9998917924133595
2000,0.9998861276234047
3000,0.9998897382260528
4000,0.9999009516881684
5000,0.9999174915606623
6000,0.9999367859901307
7000,0.9999561026000431
8000,0.9999726028300018
9000,0.9999832460328297
10000,0.9999844848507844
11000,0.9999717285040733
12000,0.9999385545857026
13000,0.9998756100209581
14000,0.9997691259431808
15000,0.9995989588912056
16000,0.9993360568903411
17000,0.9989393206908216
18000,0.9983520033667608
19000,0.9974979045754314
20000,0.9962778466494298
21000,0.9945670728926771
22000,0.9922142576220098
23000,0.9890427422304152
24000,0.9848543872466847
25000,0.9794361077818489
26000,0.9725687939261988
27000,0.9640379838529805
28000,0.9536454133095402
29000,0.9412204498120645
30000,0.9266304206015623
31000,0.9097889380413318
32000,0.8906620942402269
33000,0.8692713397611069
34000,0.8456933447481856
35000,0.8200572765051619
36000,0.7925399085884675
37000,0.7633585054061403
38000,0.7327624644785363
39000,0.7010242862315922
40000,0.6684303831848066
41000,0.6352721318996901
42000,0.6018376481772882
43000,0.5684045544507922
44000,0.5352338749583122
45000,0.5025652374110071
46000,0.4706133357326822
47000,0.43956560224830676
48000,0.4095809967130695
49000,0.3807898178639859
50000,0.35329433648822256
51000,0.3271700844214539
52000,0.3024676852816366
53000,0.27921505504231703
54000,0.2574198342685923
55000,0.23707193250447703
56000,0.21814610794037342
57000,0.2006044815297321
58000,0.18439892999342233
59000,0.1694733287202802
60000,0.15576556155928545
61000,0.14320932878540985
62000,0.1317357184675611
63000,0.12127489214613683
64000,0.11175689944857323
65000,0.10311284451746876
66000,0.09527550036079734
67000,0.0881799360727923
68000,0.08176409436773724
69000,0.07596912993424215
70000,0.07073964607989956
71000,0.06602377306895732
72000,0.06177318526833433
73000,0.057943112516346734
74000,0.0544922814184242
75000,0.05138280474676063
76000,0.04858003733403881
77000,0.0460524092239657
78000,0.04377123536851337
79000,0.04171054066000272
80000,0.03984687124335703
81000,0.03815910428915835
82000,0.036628260089253475
83000,0.03523732299911169
84000,0.03397106460247431
85000,0.03281588453207215
86000,0.0317596398233167
87000,0.03079153871207391
88000,0.02990196767540128
89000,0.029082393154233274
90000,0.028325258364746267
91000,0.027623838134808617
92000,0.026972210576002405
93000,0.026365101860106797
94000,0.025797871406304924
95000,0.02526640074544242
96000,0.02476704831475783
97000,0.02429660879559608
98000,0.0238522231382691
99000,0.02343138772410462
100000,0.023031868114508438
101000,0.022651698510276028
102000,0.02228913364363499
103000,0.02194262164038641
104000,0.02161079498164345
105000,0.021292425665186545
106000,0.0209864313787433
107000,0.02069184091849727
108000,0.020407792845278824
109000,0.020133517293926116
110000,0.01986832093443387
111000,0.0196115859287326
112000,0.01936275128789454
113000,0.0191213151678847
114000,0.018886821837760314
115000,0.018658859674551657
116000,0.018437059626997127
117000,0.018221084373664986
118000,0.018010626839421753
119000,0.017805403584649944
120000,0.017605149852084157
121000,0.01740961546014217
122000,0.01721856528383043
123000,0.017031837318246475
124000,0.016849219470021295
125000,0.016670530265238702
126000,0.016495614136688968
127000,0.0163243218300799
128000,0.01615650238914917
129000,0.015992020101177035
130000,0.01583076832956588
131000,0.015672620473095082
132000,0.015517463897795116
133000,0.015365201346492422
134000,0.015215734979755322
135000,0.015068968309823924
136000,0.014924812651279843
137000,0.01478319016943826
138000,0.014644016059263487
139000,0.014507211209069544
140000,0.014372709143173878
141000,0.014240438578956072
142000,0.014110330796984098
143000,0.013982322659226233
144000,0.01385635719913113
145000,0.013732374186297162
146000,0.01361031765014685
147000,0.01349013620174862
148000,0.01337177833014552
149000,0.013255195030669938
150000,0.013140339397353464
151000,0.013027166371904745
152000,0.012915632062334155
153000,0.012805694123974075
154000,0.012697313036209794
155000,0.012590449008073662
156000,0.01248506388644839
157000,0.01238112164149754
158000,0.012278587611742236
159000,0.012177427260144067
160000,0.012077607615191747
161000,0.011979097819798931
162000,0.011881866924258576
163000,0.011785885356911828
164000,0.01169112462163845
165000,0.011597557122475888
166000,0.011505156073530065
167000,0.011413895557152554
168000,0.011323750488643362
169000,0.01123469645767142
170000,0.01114670976090164
171000,0.011059767843819953
172000,0.010973848602928814
173000,0.010888930478865579
174000,0.010804992618698855
175000,0.010722014758572465
176000,0.01063997719014217
177000,0.010558860727012245
178000,0.010478646837363803
179000,0.010399317275743355
180000,0.010320854258260063
181000,0.010243240418263183
182000,0.010166458755664855
183000,0.01009049260436821
184000,0.010015328282600367
185000,0.00994095095586713
186000,0.00986734475430572
187000,0.00979449524164871
188000,0.009722388357167834
189000,0.009651010397871626
190000,0.009580348739964061
191000,0.009510390633448723
192000,0.009441123343135438
193000,0.009372534728425839
194000,0.009304612966956694
195000,0.009237346540180063
196000,0.009170724263061524
197000,0.009104735195936572
198000,0.00903936864606848
199000,0.008974614183693084
200000,0.008910461613562811
201000,0.008846900960714447
202000,0.008783922951606966
203000,0.008721518145753589
204000,0.00865967716637794
205000,0.008598390973779142
206000,0.008537650708773228
207000,0.008477447680594389
208000,0.008417774310461099
209000,0.008358622418748993
210000,0.008299983809309413
211000,0.008241850712370893
212000,0.008184215524989474
213000,0.008127070802960035
214000,0.008070409882030302
215000,0.008014225716209007
216000,0.007958511340302017
217000,0.007903260099163468
218000,0.007848465493457451
219000,0.007794121174119697
220000,0.007740221040545407
221000,0.007686759039650772
222000,0.007633729250062616
223000,0.007581125905978466
224000,0.007528943370161311
225000,0.007477176128807608
226000,0.007425818815745032
227000,0.007374866150640039
228000,0.007324312962497252
229000,0.00727415419023286
230000,0.007224384872176134
231000,0.007175000141048502
232000,0.007125995477526285
233000,0.007077366193880947
234000,0.007029107708679555
235000,0.006981215570229615
236000,0.006933685410135821
237000,0.006886512939227629
238000,0.006839694270277071
239000,0.006793225253538807
240000,0.006747101858985573
241000,0.0067013201819623005
242000,0.006655876393848951
243000,0.006610766739148999
244000,0.00656598769690104
245000,0.006521535638913665
246000,0.006477407036812344
247000,0.006433598451448639
248000,0.0063901065106209114
249000,0.006346927906728445
250000,0.0063040594294383
251000,0.006261497889761608
252000,0.006219240165634833
253000,0.006177283195383744
254000,0.006135623971940462
255000,0.00609425954061459
256000,0.006053187064375676
257000,0.006012403677215729
258000,0.00597190658020635
259000,0.00593169302648869
260000,0.005891760313686493
261000,0.0058521057818960425
262000,0.005812726947941942
263000,0.005773621207001212
264000,0.005734786040302784
265000,0.005696218978249714
266000,0.00565791759004382
267000,0.005619879482104278
268000,0.005582102414658298
269000,0.0055445840390912025
270000,0.005507322087626155
271000,0.005470314333978972
272000,0.0054335585865551515
273000,0.005397052687229665
274000,0.005360794562887918
275000,0.005324782105910603
276000,0.005289013262365316
277000,0.00525348601070723
278000,0.005218198359097021
279000,0.005183148344337305
280000,0.005148334086954182
281000,0.0051137536624844306
282000,0.005079405199656498
283000,0.005045286854676817
284000,0.005011396809497948
285000,0.004977733270917168
286000,0.004944294469674945
287000,0.004911078659553543
288000,0.004878084116475548
289000,0.004845309137602411
290000,0.004812752040432991
291000,0.00478041116434786
292000,0.004748285000936628
293000,0.004716371845907898
294000,0.004684670102745362
295000,0.004653178192429499
296000,0.004621894552624946
297000,0.004590817636867871
298000,0.004559945913753329
299000,0.004529277866122672
300000,0.0044988119902509005
301000,0.004468546795033969
302000,0.004438480801176299
303000,0.004408612582968221
304000,0.004378941414945368
305000,0.00434946537754463
306000,0.004320183087767443
307000,0.004291093176207296
308000,0.004262194286498273
309000,0.00423348507476349
310000,0.004204964209063576
311000,0.004176630368845178
312000,0.00414848224438942
313000,0.004120518536260401
314000,0.004092737954753658
315000,0.004065139275341609
316000,0.004037721759524237
317000,0.004010483779636804
318000,0.003983424118515444
319000,0.003956541569612828
320000,0.003929834936593404
321000,0.003903303032928594
322000,0.003876944681492018
323000,0.003850758714154697
324000,0.0038247439713802547
325000,0.003798899301820162
326000,0.003773223561908923
327000,0.0037477156809012477
328000,0.0037223749398642703
329000,0.00369719992488954
330000,0.0036721895505352586
331000,0.0036473427398977143
332000,0.003622658424313089
333000,0.0035981355430593034
334000,0.0035737730430578495
335000,0.0035495698785756487
336000,0.0035255250109268517
337000,0.0035016374081747173
338000,0.003477906044833413
339000,0.0034543299536979955
340000,0.0034309083545973887
341000,0.003407640068508267
342000,0.0033845241119478038
343000,0.0033615595081070396
344000,0.0033387452866183455
345000,0.003316080483322911
346000,0.0032935641400382533
347000,0.0032711953043256746
348000,0.0032489730292577716
349000,0.0032268963731858966
350000,0.0032049643995076746
351000,0.003183176236326299
352000,0.0031615311560081096
353000,0.003140028083719872
354000,0.0031186661186975396
355000,0.0030974443656637545
356000,0.0030763619346566725
357000,0.0030554179408587363
358000,0.0030346115044254823
359000,0.0030139417503143168
360000,0.002993407808113346
361000,0.0029730088118701333
362000,0.002952743899920521
363000,0.002932612282915726
364000,0.0029126132804572122
365000,0.002892745904878144
366000,0.002873009327224384
367000,0.002853402723510651
368000,0.0028339252746079897
369000,0.0028145761661312607
370000,0.002795354588326591
371000,0.0027762597359588474
372000,0.0027572908081991325
373000,0.002738447008512227
374000,0.002719727544544079
375000,0.0027011316778687102
376000,0.002682658721779475
377000,0.0026643078139137306
378000,0.0026460781884238196
379000,0.002627969084049151
380000,0.0026099797440406023
381000,0.0025921094160848875
382000,0.0025743573522289884
383000,0.002556722808804533
384000,0.0025392050463521943
385000,0.002521803329546101
386000,0.0025045169271182143
387000,0.0024873451379335875
388000,0.0024702872781730695
389000,0.002453342592930786
390000,0.002436510371445273
391000,0.002419789907080749
392000,0.0024031804972685067
393000,0.002386681443448251
394000,0.002370292051009497
395000,0.0023540116292329275
396000,0.002337839491231751
397000,0.002321774953893092
398000,0.00230581733781934
399000,0.0022899659878061374
400000,0.002274220255554735
401000,0.002258579449401506
402000,0.0022430429077471637
403000,0.0022276099727261724
404000,0.0022122799901599464
405000,0.0021970523095100475
406000,0.002181926283831428
407000,0.0021669012697256135
408000,0.002151976627293924
409000,0.0021371517200906957
410000,0.0021224259150764806
411000,0.0021077986054198828
412000,0.0020932691847729184
413000,0.0020788370086202773
414000,0.002064501460614614
415000,0.0020502619278928683
416000,0.002036117801041326
417000,0.002022068474060653
418000,0.002008113344330966
419000,0.0019942518125768568
420000,0.0019804832828324735
421000,0.0019668071624065423
422000,0.0019532228618474447
423000,0.001939729812940302
424000,0.0019263274441611202
425000,0.0019130151614355582
426000,0.0018997923904598667
427000,0.0018866585602188197
428000,0.0018736131029592298
429000,0.0018606554541634678
430000,0.0018477850525229946
431000,0.0018350013399118811
432000,0.0018223037613603302
433000,0.0018096917650281886
434000,0.0017971648021784898
435000,0.0017847223376959796
436000,0.0017723638336399337
437000,0.0017600887435203114
438000,0.0017478965321094024
439000,0.001735786667269949
440000,0.001723758619933193
441000,0.0017118118640769384
442000,0.0016999458767035821
443000,0.0016881601378181798
444000,0.0016764541304064768
445000,0.001664827340412976
446000,0.0016532792567189728
447000,0.0016418093788311819
448000,0.0016304172035522912
449000,0.0016191022242422878
450000,0.0016078639422287325
451000,0.0015967018617468135
452000,0.0015856154899204422
453000,0.0015746043367433347
454000,0.0015636679150601185
455000,0.0015528057405474111
456000,0.00154201733169492
457000,0.0015313022097865412
458000,0.0015206598988814263
459000,0.0015100899322099059
460000,0.0014995918401501437
461000,0.0014891651520881387
462000,0.0014788094037041894
463000,0.0014685241334214108
464000,0.001458308882389175
465000,0.001448163194466536
466000,0.00143808661620567
467000,0.001428078696835301
468000,0.0014181389882441384
469000,0.0014082670449643156
470000,0.0013984624241548092
471000,0.001388724689455663
472000,0.001379053403237057
473000,0.0013694481290180444
474000,0.0013599084346982903
475000,0.0013504338907563325
476000,0.0013410240702343308
477000,0.0013316785487228152
478000,0.0013223969043454234
479000,0.0013131787177436518
480000,0.0013040235720616067
481000,0.0012949310529307319
482000,0.0012859007484545754
483000,0.0012769322522350566
484000,0.0012680251569407413
485000,0.0012591790571045013
486000,0.001250393550859204
487000,0.0012416682387591364
488000,0.001233002723765701
489000,0.0012243966112331361
490000,0.0012158495088942167
491000,0.0012073610268459615
492000,0.001198930777535347
493000,0.0011905583757449978
494000,0.0011822434385789216
495000,0.0011739855895516425
496000,0.001165784449511851
497000,0.0011576396414983538
498000,0.00114955079212978
499000,0.0011415175303070436
500000,0.001133539487200268
501000,0.0011256162962357116
502000,0.0011177475930826833
503000,0.0011099330156404763
504000,0.001102172204025278
505000,0.0010944648005571033
506000,0.0010868104497467142
507000,0.001079208801665162
508000,0.0010716595041623238
509000,0.0010641622076595749
510000,0.001056716565589055
511000,0.001049322233533381
512000,0.0010419788692135126
513000,0.0010346861324766054
514000,0.0010274436852838937
515000,0.0010202511916985305
516000,0.0010131083178734769
517000,0.0010060147320393419
518000,9.989701044922663E-4
519000,9.919741095343064E-4
520000,9.850264208226408E-4
521000,9.781267145414438E-4
522000,9.712746692854124E-4
523000,9.644699656677614E-4
524000,9.577122863086089E-4
525000,9.510013158233409E-4
526000,9.443367408110037E-4
527000,9.37718249842659E-4
528000,9.31145533449779E-4
529000,9.246182841126082E-4
530000,9.181361962485458E-4
531000,9.116989662005228E-4
532000,9.053062922253708E-4
533000,8.989578744822043E-4
534000,8.926534150207912E-4
535000,8.863926177699357E-4
536000,8.801751885258462E-4
537000,8.740008349405144E-4
538000,8.678692665100942E-4
539000,8.617801945632699E-4
540000,8.557333322496383E-4
541000,8.497283945280843E-4
542000,8.437650981551532E-4
543000,8.378431657296634E-4
544000,8.3196231491743E-4
545000,8.261222674842702E-4
546000,8.203227473801725E-4
547000,8.145634803019937E-4
548000,8.088441936820441E-4
549000,8.031646166766515E-4
550000,7.975244801547469E-4
551000,7.9192351668644E-4
552000,7.863614605315964E-4
553000,7.808380476284138E-4
554000,7.753530155820018E-4
555000,7.699061036529529E-4
556000,7.644970527459279E-4
557000,7.591256053982287E-4
558000,7.537915057683721E-4
559000,7.484944996246769E-4
560000,7.432343343338301E-4
561000,7.38010758849472E-4
562000,7.328235237007668E-4
563000,7.276723809809875E-4
564000,7.225570843360858E-4
565000,7.174773889532751E-4
566000,7.124330515496014E-4
567000,7.074238774950599E-4
568000,7.024495893599811E-4
569000,6.975099483131087E-4
570000,6.92604717988632E-4
571000,6.877336635404182E-4
572000,6.828965516316631E-4
573000,6.780931504245471E-4
574000,6.733232295698859E-4
575000,6.685865601967842E-4
576000,6.638829149022884E-4
577000,6.592120677410437E-4
578000,6.545737942149428E-4
579000,6.499678712627791E-4
580000,6.453940772499038E-4
581000,6.408521919578749E-4
582000,6.363419965741133E-4
583000,6.318632736815548E-4
584000,6.274158072483026E-4
585000,6.22999382617283E-4
586000,6.186137864958965E-4
587000,6.142588069456695E-4
588000,6.099342333719122E-4
589000,6.056398565133666E-4
590000,6.013754714449384E-4
591000,5.97140918866048E-4
592000,5.929359525345351E-4
593000,5.88760369253765E-4
594000,5.846139671489371E-4
595000,5.804965456575865E-4
596000,5.764079055200772E-4
597000,5.723478487701053E-4
598000,5.683161787251916E-4
599000,5.643126999771866E-4
600000,5.603372183827592E-4
601000,5.563895410539058E-4
602000,5.524694763484392E-4
603000,5.485768338604896E-4
604000,5.44711424411007E-4
605000,5.408730600382522E-4
606000,5.370615539883001E-4
607000,5.332767207055355E-4
608000,5.295183758231507E-4
609000,5.257863361536455E-4
610000,5.220804196793251E-4
611000,5.184004455427956E-4
612000,5.147462340374664E-4
613000,5.111176065980424E-4
614000,5.075143942607284E-4
615000,5.039364680800085E-4
616000,5.003836080986584E-4
617000,4.968556411733455E-4
618000,4.933523952985221E-4
619000,4.898736995978052E-4
620000,4.8641938431535464E-4
621000,4.8298928080725225E-4
622000,4.79583221532878E-4
623000,4.762010400462905E-4
624000,4.7284257098760595E-4
625000,4.6950765007437213E-4
626000,4.6619611409295307E-4
627000,4.6290780088990266E-4
628000,4.596425493633454E-4
629000,4.5640019945435406E-4
630000,4.5318059213832776E-4
631000,4.4998356941637044E-4
632000,4.4680897430667053E-4
633000,4.43656650835878E-4
634000,4.405264440304826E-4
635000,4.3741819990819305E-4
636000,4.343317654693146E-4
637000,4.3126698868812944E-4
638000,4.282237314637539E-4
639000,4.252018807177856E-4
640000,4.222012480795649E-4
641000,4.1922168625552973E-4
642000,4.162630489255368E-4
643000,4.1332519073509116E-4
644000,4.104079672875704E-4
645000,4.075112351364553E-4
646000,4.0463485177755915E-4
647000,4.017786756412547E-4
648000,3.9894256608470136E-4
649000,3.96126383384077E-4
650000,3.9332998872680284E-4
651000,3.90553244203774E-4
652000,3.8779601280158513E-4
653000,3.8505815839476516E-4
654000,3.8233954573799585E-4
655000,3.7964004045835E-4
656000,3.7695950904751156E-4
657000,3.742978188540105E-4
658000,3.716548380754466E-4
659000,3.690304357507216E-4
660000,3.664244817522633E-4
661000,3.638368467782573E-4
662000,3.612674207511437E-4
663000,3.587161051282921E-4
664000,3.561827367092503E-4
665000,3.536671903745073E-4
666000,3.5116934183550145E-4
667000,3.4868906762772537E-4
668000,3.462262451038317E-4
669000,3.437807524267404E-4
670000,3.413524685627465E-4
671000,3.3894127327462444E-4
672000,3.3654704711474004E-4
673000,3.341696714181493E-4
674000,3.318090282957119E-4
675000,3.294650006271965E-4
676000,3.2713747205438513E-4
677000,3.2482632697418336E-4
678000,3.225314505317222E-4
679000,3.202527286134714E-4
680000,3.179900478403406E-4
681000,3.1574329556078917E-4
682000,3.1351235984393173E-4
683000,3.11297129472645E-4
684000,3.0909749393667627E-4
685000,3.0691334342574685E-4
686000,3.047445922473179E-4
687000,3.02591151775272E-4
688000,3.004528822827898E-4
689000,2.983296776485083E-4
690000,2.9622143246057266E-4
691000,2.9412804201062057E-4
692000,2.920494022877622E-4
693000,2.8998540997256586E-4
694000,2.879359624310379E-4
695000,2.8590095770860747E-4
696000,2.838802945241087E-4
697000,2.818738722637626E-4
698000,2.7988159097516187E-4
699000,2.779033513612518E-4
700000,2.7593905477431275E-4
701000,2.739886032099445E-4
702000,2.7205189930104925E-4
703000,2.701288463118107E-4
704000,2.6821934813168194E-4
705000,2.663233092693645E-4
706000,2.644406348467922E-4
707000,2.625712305931142E-4
708000,2.6071500283867804E-4
709000,2.5887185850901104E-4
710000,2.5704173036551325E-4
711000,2.552245357181391E-4
712000,2.534201587986994E-4
713000,2.516285097031085E-4
714000,2.498494991313265E-4
715000,2.4808303838211467E-4
716000,2.4632903934779216E-4
717000,2.4458741450899456E-4
718000,2.428580769294302E-4
719000,2.4114094025063555E-4
720000,2.3943591868673451E-4
721000,2.3774292701919352E-4
722000,2.3606188059157918E-4
723000,2.343926953043159E-4
724000,2.3273528760944147E-4
725000,2.3108957450536404E-4
726000,2.294554735316211E-4
727000,2.2783290276363365E-4
728000,2.2622178080746537E-4
729000,2.2462202679457766E-4
730000,2.2303356037658834E-4
731000,2.21456301720027E-4
732000,2.198901715010935E-4
733000,2.1833509090041312E-4
734000,2.1679100771828058E-4
735000,2.1525784482734274E-4
736000,2.1373550689425321E-4
737000,2.1222391781126922E-4
738000,2.1072300198299426E-4
739000,2.0923268432181165E-4
740000,2.0775289024331975E-4
741000,2.0628354566176523E-4
742000,2.0482457698547957E-4
743000,2.0337591111231038E-4
744000,2.0193747542505706E-4
745000,2.0050919778690632E-4
746000,1.9909100653686416E-4
747000,1.9768283048519135E-4
748000,1.9628459890883834E-4
749000,1.9489624154687784E-4
750000,1.935176885959409E-4
751000,1.9214887070564976E-4
752000,1.9078971897405273E-4
753000,1.8944016494305954E-4
754000,1.8810014059387274E-4
755000,1.8676957834242531E-4
756000,1.8544841103481315E-4
757000,1.841365719427285E-4
758000,1.828340226079942E-4
759000,1.8154069089889498E-4
760000,1.8025649791895536E-4
761000,1.7898137928726928E-4
762000,1.7771527105721975E-4
763000,1.7645810971253978E-4
764000,1.7520983216336963E-4
765000,1.7397037574231637E-4
766000,1.727396782005117E-4
767000,1.7151767770367225E-4
768000,1.7030431282815658E-4
769000,1.6909952255702483E-4
770000,1.679032462760981E-4
771000,1.6671542377001526E-4
772000,1.6553599521829346E-4
773000,1.643649011913865E-4
774000,1.6320208264674295E-4
775000,1.6204748092486521E-4
776000,1.609010377453687E-4
777000,1.5976269520303954E-4
778000,1.586323957638951E-4
779000,1.5751008226124033E-4
780000,1.563956978917284E-4
781000,1.5528918621141846E-4
782000,1.541905197410428E-4
783000,1.530996307958787E-4
784000,1.5201645477508726E-4
785000,1.5094093725921218E-4
786000,1.4987302419701998E-4
787000,1.4881266190212153E-4
788000,1.4775979704959627E-4
789000,1.4671437667261396E-4
790000,1.4567634815905843E-4
791000,1.446456592481494E-4
792000,1.4362225802706615E-4
793000,1.426060929275706E-4
794000,1.4159711272262885E-4
795000,1.4059526652303563E-4
796000,1.3960050377403576E-4
797000,1.3861277425194807E-4
798000,1.3763202806078747E-4
799000,1.3665821562888856E-4
800000,1.3569128770552765E-4
801000,1.3473119535754605E-4
802000,1.337778899659729E-4
803000,1.3283132322264865E-4
804000,1.3189144712684586E-4
805000,1.309582139818947E-4
806000,1.3003160395830808E-4
807000,1.291115542041987E-4
808000,1.281980125415341E-4
809000,1.2729093299580676E-4
810000,1.2639026990420764E-4
811000,1.2549597791273315E-4
812000,1.2460801197329395E-4
813000,1.237263273408196E-4
814000,1.2285087957036856E-4
815000,1.2198162451423286E-4
816000,1.211185183190467E-4
817000,1.202615174228936E-4
818000,1.1941057855241263E-4
819000,1.1856565871990629E-4
820000,1.1772671522044811E-4
821000,1.1689370562898864E-4
822000,1.1606658779746329E-4
823000,1.1524531985190004E-4
824000,1.144298601895253E-4
825000,1.1362016747587224E-4
826000,1.1281620064188752E-4
827000,1.1201791888103824E-4
828000,1.1122528164641929E-4
829000,1.1043824864786119E-4
830000,1.0965680614276773E-4
831000,1.0888089602686132E-4
832000,1.0811047635745311E-4
833000,1.0734550830770545E-4
834000,1.0658595331415412E-4
835000,1.0583177307423296E-4
836000,1.0508292954379568E-4
837000,1.0433938493463929E-4
838000,1.0360110171202761E-4
839000,1.0286804259221432E-4
840000,1.0214017053996626E-4
841000,1.0141744876608637E-4
842000,1.0069984072493687E-4
843000,9.998731011196257E-5
844000,9.92798208612139E-5
845000,9.857733714287064E-5
846000,9.787982336076396E-5
847000,9.718724414990081E-5
848000,9.649956437398643E-5
849000,9.581674912294729E-5
850000,9.513876371045529E-5
851000,9.446557367144998E-5
852000,9.379714475966162E-5
853000,9.313344294513548E-5
854000,9.247445983284019E-5
855000,9.182014146469639E-5
856000,9.117045430184595E-5
857000,9.052536556502571E-5
858000,8.988484269746707E-5
859000,8.924885336278487E-5
860000,8.861736544286573E-5
861000,8.79903470357563E-5
862000,8.73677664535524E-5
863000,8.674959222028698E-5
864000,8.613579306981913E-5
865000,8.552633794372229E-5
866000,8.49211959891729E-5
867000,8.432033655683915E-5
868000,8.372372919876886E-5
869000,8.313134366627904E-5
870000,8.254314990784345E-5
871000,8.195911806698161E-5
872000,8.13792184801476E-5
873000,8.080342167461763E-5
874000,8.023169836637997E-5
875000,7.96640194580224E-5
876000,7.910035603662087E-5
877000,7.854068064298024E-5
878000,7.798498507283552E-5
879000,7.743322330649016E-5
880000,7.68853674900789E-5
881000,7.634138995952038E-5
882000,7.580126323872501E-5
883000,7.526496003780029E-5
884000,7.47324532512575E-5
885000,7.420371595621786E-5
886000,7.367872141061862E-5
887000,7.315744305141945E-5
888000,7.263985449280927E-5
889000,7.212592952441164E-5
890000,7.161564210949167E-5
891000,7.110896638316213E-5
892000,7.060587665058958E-5
893000,7.010634738520086E-5
894000,6.96103532268892E-5
895000,6.911786898022085E-5
896000,6.862886961264099E-5
897000,6.814333025267998E-5
898000,6.766122618816007E-5
899000,6.718253286440137E-5
900000,6.670722588242786E-5
901000,6.623528358218647E-5
902000,6.576669647817893E-5
903000,6.530142684230317E-5
904000,6.483945117323006E-5
905000,6.43807461298997E-5
906000,6.39252885299983E-5
907000,6.347305534843602E-5
908000,6.302402371582318E-5
909000,6.257817091694787E-5
910000,6.213547438925296E-5
911000,6.169591172131289E-5
912000,6.12594606513112E-5
913000,6.08260990655172E-5
914000,6.039580499676334E-5
915000,5.9968556622921995E-5
916000,5.95443322653831E-5
917000,5.912311038753042E-5
918000,5.870486959321928E-5
919000,5.8289588625253374E-5
920000,5.787724636386203E-5
921000,5.746782182517701E-5
922000,5.706129415970962E-5
923000,5.6657642650828234E-5
924000,5.6256846713234836E-5
925000,5.585888938534932E-5
926000,5.546376040434226E-5
927000,5.5071428929346036E-5
928000,5.4681875135108485E-5
929000,5.42950793316259E-5
930000,5.391102196285027E-5
931000,5.352968360539696E-5
932000,5.3151044967251656E-5
933000,5.2775086886478266E-5
934000,5.240179032992607E-5
935000,5.20311363919368E-5
936000,5.16631062930524E-5
937000,5.129768137872256E-5
938000,5.093484311801147E-5
939000,5.0574573102306E-5
940000,5.021685304402224E-5
941000,4.9861664775313616E-5
942000,4.950899024677789E-5
943000,4.9158811526164464E-5
944000,4.881111079708231E-5
945000,4.8465870357706585E-5
946000,4.812307261948657E-5
947000,4.778270010585278E-5
948000,4.74447354509246E-5
949000,4.7109165502599526E-5
950000,4.677597966022252E-5
951000,4.6445152738400066E-5
952000,4.611666801525958E-5
953000,4.579050888301299E-5
954000,4.546665884686018E-5
955000,4.5145101523893305E-5
956000,4.482582064200075E-5
957000,4.450880003877098E-5
958000,4.419402366039681E-5
959000,4.388147556057902E-5
960000,4.3571139899430636E-5
961000,4.326300094238076E-5
962000,4.295704305907871E-5
963000,4.2653250722297815E-5
964000,4.235160850683959E-5
965000,4.205210108843755E-5
966000,4.175471324266137E-5
967000,4.14594298438208E-5
968000,4.11662358638696E-5
969000,4.087511637130951E-5
970000,4.058605653009439E-5
971000,4.029904159853418E-5
972000,4.001405692819867E-5
973000,3.973109243575248E-5
974000,3.9450137472912716E-5
975000,3.917117152976777E-5
976000,3.889418050341612E-5
977000,3.86191503871621E-5
978000,3.834606726958791E-5
979000,3.807491733362542E-5
980000,3.780568685562754E-5
981000,3.753836220444025E-5
982000,3.7272929840474384E-5
983000,3.700937631477737E-5
984000,3.674768826810477E-5
985000,3.6487852429992185E-5
986000,3.62298556178271E-5
987000,3.597368473592039E-5
988000,3.571932677457822E-5
989000,3.546676880917378E-5
990000,3.521599799921921E-5
991000,3.4967001587436765E-5
992000,3.4719766898831315E-5
993000,3.447428133976154E-5
994000,3.42305323970119E-5
995000,3.398850763686441E-5
996000,3.3748194704170385E-5
997000,3.3509585981821016E-5
998000,3.32726709945191E-5
999000,3.3037433084547915E-5
1000000,3.280386035900435E-5
1001000,3.257194100612082E-5
1002000,3.234166329448023E-5
1003000,3.211301557223091E-5
1004000,3.188598626630174E-5
1005000,3.1660563881616955E-5
1006000,3.143673700031136E-5
1007000,3.1214494280945224E-5
1008000,3.099382445771942E-5
1009000,3.07747163396902E-5
1010000,3.055715880998437E-5
1011000,3.03411408250143E-5
1012000,3.012665141369289E-5
1013000,2.991367967664852E-5
1014000,2.9702214785440188E-5
1015000,2.9492245981772435E-5
1016000,2.928376257671032E-5
1017000,2.9076753949894542E-5
1018000,2.8871209548756312E-5
1019000,2.866711888773249E-5
1020000,2.8464471547480446E-5
1021000,2.8263261864702804E-5
1022000,2.806347969389376E-5
1023000,2.7865111562985018E-5
1024000,2.766814744396858E-5
1025000,2.7472577377274684E-5
1026000,2.7278391471108624E-5
1027000,2.7085579900787674E-5
1028000,2.6894132908078074E-5
1029000,2.6704040800531814E-5
1030000,2.6515293950823663E-5
1031000,2.6327882796087842E-5
1032000,2.6141797837255235E-5
1033000,2.595702963839001E-5
1034000,2.577356882602665E-5
1035000,2.5591406088506903E-5
1036000,2.5410532175316543E-5
1037000,2.5230937896422317E-5
1038000,2.505261412160893E-5
1039000,2.4875551779815833E-5
1040000,2.4699741858474193E-5
1041000,2.4525175402843742E-5
1042000,2.4351843515349675E-5
1043000,2.4179737354919662E-5
1044000,2.40088481363206E-5
1045000,2.3839171698622818E-5
1046000,2.3670698355832444E-5
1047000,2.3503417273740106E-5
1048000,2.3337319997357426E-5
1049000,2.317239812940105E-5
1050000,2.30086433297317E-5
1051000,2.2846047314794323E-5
1052000,2.2684601857057036E-5
1053000,2.2524298784450916E-5
1054000,2.2365129979809834E-5
1055000,2.220708738030945E-5
1056000,2.20501629769071E-5
1057000,2.1894348813781286E-5
1058000,2.173963698777117E-5
1059000,2.1586019647816082E-5
1060000,2.14334889943952E-5
1061000,2.1282037278966942E-5
1062000,2.113165680340854E-5
1063000,2.0982339919455685E-5
1064000,2.0834079028141874E-5
1065000,2.068686657923824E-5
1066000,2.054069507069269E-5
1067000,2.0395557048069808E-5
1068000,2.025144510399031E-5
1069000,2.0108356252298455E-5
1070000,1.9966281361195537E-5
1071000,1.9825211744191497E-5
1072000,1.968514027244413E-5
1073000,1.9546059865733565E-5
1074000,1.9407963491988106E-5
1075000,1.9270844166810168E-5
1076000,1.913469495300235E-5
1077000,1.8999508960093226E-5
1078000,1.886527934386332E-5
1079000,1.8731999305871085E-5
1080000,1.8599662092978868E-5
1081000,1.8468260996878732E-5
1082000,1.8337789353618613E-5
1083000,1.8208240543128E-5
1084000,1.807960798874406E-5
1085000,1.795188515673752E-5
1086000,1.7825065555838637E-5
1087000,1.7699142736763074E-5
1088000,1.7574110291737906E-5
1089000,1.7449961854027563E-5
1090000,1.7326691097459702E-5
1091000,1.7204291735951264E-5
1092000,1.7082757523034243E-5
1093000,1.6962086435086916E-5
1094000,1.68422699204193E-5
1095000,1.672330102663682E-5
1096000,1.6605173743019E-5
1097000,1.6487882099818356E-5
1098000,1.6371420167859787E-5
1099000,1.6255782058140208E-5
1100000,1.614096192142805E-5
1101000,1.602695394786291E-5
1102000,1.591375236655499E-5
1103000,1.5801351445184762E-5
1104000,1.5689745489602407E-5
1105000,1.5578928843427485E-5
1106000,1.5468895887648377E-5
1107000,1.5359641040221952E-5
1108000,1.5251158755673055E-5
1109000,1.5143443524694035E-5
1110000,1.503648987374442E-5
1111000,1.4930292364650316E-5
1112000,1.4824845594204059E-5
1113000,1.4720144193763776E-5
1114000,1.4616182828852896E-5
1115000,1.4512956198759669E-5
1116000,1.4410459036136875E-5
1117000,1.4308692039707406E-5
1118000,1.4207645883139647E-5
1119000,1.4107314846499916E-5
1120000,1.4007693897029088E-5
1121000,1.3908778038098403E-5
1122000,1.3810562308903057E-5
1123000,1.3713041784155758E-5
1124000,1.3616211573780217E-5
1125000,1.352006682260479E-5
1126000,1.3424602710055979E-5
1127000,1.3329814449851955E-5
1128000,1.3235697289696255E-5
1129000,1.3142246510971092E-5
1130000,1.3049457428431118E-5
1131000,1.2957325389896906E-5
1132000,1.2865845775948487E-5
1133000,1.2775013999618898E-5
1134000,1.268482550608776E-5
1135000,1.259527577237484E-5
1136000,1.250636030703356E-5
1137000,1.2418074649844571E-5
1138000,1.2330414371509326E-5
1139000,1.2243375073343623E-5
1140000,1.2156952386971094E-5
1141000,1.2071141974016872E-5
1142000,1.198593952580106E-5
1143000,1.1901340763032302E-5
1144000,1.1817341435501361E-5
1145000,1.1733937321774619E-5
1146000,1.165112422888769E-5
1147000,1.156889799203892E-5
1148000,1.1487254474282983E-5
1149000,1.14061895662244E-5
1150000,1.1325699185711118E-5
1151000,1.1245779277528047E-5
1152000,1.1166425813090576E-5
1153000,1.1087634790138224E-5
1154000,1.1009402232428098E-5
1155000,1.0931724189428478E-5
1156000,1.0854596736012397E-5
1157000,1.0778015972151137E-5
1158000,1.0701978022607833E-5
1159000,1.0626479036630998E-5
1160000,1.0551515187648064E-5
1161000,1.0477082672958985E-5
1162000,1.0403177713429735E-5
1163000,1.0329796553185883E-5
1164000,1.0256935432648459E-5
1165000,1.018459022245676E-5
1166000,1.0112757629665697E-5
1167000,1.0041433985468402E-5
1168000,9.970615642691448E-6
1169000,9.900298975487E-6
1170000,9.830480379025174E-6
1171000,9.761156269186012E-6
1172000,9.692323082251812E-6
1173000,9.62397727459929E-6
1174000,9.556115322391755E-6
1175000,9.48873372127134E-6
1176000,9.42182898605114E-6
1177000,9.355397650407437E-6
1178000,9.289436266571915E-6
1179000,9.223941405023778E-6
1180000,9.158909654182027E-6
1181000,9.09433762009757E-6
1182000,9.030221926145507E-6
1183000,8.966559212717243E-6
1184000,8.903346136912722E-6
1185000,8.84057937223258E-6
1186000,8.778255608270403E-6
1187000,8.71637155040482E-6
1188000,8.65492391949184E-6
1189000,8.593909451556881E-6
1190000,8.533324897487067E-6
1191000,8.4731670227234E-6
1192000,8.413432606952926E-6
1193000,8.35411844380097E-6
1194000,8.295221340523268E-6
1195000,8.236738117698232E-6
1196000,8.178665608919087E-6
1197000,8.121000660486076E-6
1198000,8.063740131098662E-6
1199000,8.006880891547717E-6
1200000,7.950419824407684E-6
1201000,7.894353823728845E-6
1202000,7.838679794729441E-6
1203000,7.783394653487871E-6
1204000,7.728495326634922E-6
1205000,7.673978751045923E-6
1206000,7.619841873532973E-6
1207000,7.566081801835149E-6
1208000,7.512712986361628E-6
1209000,7.459718794758579E-6
1210000,7.40709658483549E-6
1211000,7.35484373957798E-6
1212000,7.302957667147747E-6
1213000,7.2514358008825905E-6
1214000,7.200275599296444E-6
1215000,7.149474546079314E-6
1216000,7.0990301500973245E-6
1217000,7.048939945392697E-6
1218000,6.999201491183755E-6
1219000,6.949812371864943E-6
1220000,6.900770197006799E-6
1221000,6.852072601355938E-6
1222000,6.803717244835127E-6
1223000,6.755701812543207E-6
1224000,6.7080240147551215E-6
1225000,6.660681586921935E-6
1226000,6.6136722896708014E-6
1227000,6.566993908804967E-6
1228000,6.520644255303828E-6
1229000,6.47462116532282E-6
1230000,6.428922500193543E-6
1231000,6.383546146423646E-6
1232000,6.338490015696936E-6
1233000,6.293752044873282E-6
1234000,6.249330195988666E-6
1235000,6.205222456255184E-6
1236000,6.1614268380610424E-6
1237000,6.117941378970524E-6
1238000,6.074764141724038E-6
1239000,6.03189321423809E-6
1240000,5.98932670960528E-6
1241000,5.947062766094329E-6
1242000,5.90509954715005E-6
1243000,5.863435241393371E-6
1244000,5.822068062621313E-6
1245000,5.780996249806988E-6
1246000,5.740218067099647E-6
1247000,5.699731803824619E-6
1248000,5.6595357744833426E-6
1249000,5.619600883820081E-6
1250000,5.579893625652109E-6
1251000,5.540464330769037E-6
1252000,5.501311138583802E-6
1253000,5.462432209542792E-6
1254000,5.423825725125884E-6
1255000,5.385489887846405E-6
1256000,5.347422921251176E-6
1257000,5.3096230699204695E-6
1258000,5.272088599468028E-6
1259000,5.234817796541076E-6
1260000,5.197808968820294E-6
1261000,5.161060445019831E-6
1262000,5.124570574887332E-6
1263000,5.088337729203865E-6
1264000,5.052360299784011E-6
1265000,5.016636699475805E-6
1266000,4.981165362160733E-6
1267000,4.945944742753783E-6
1268000,4.9109733172033825E-6
1269000,4.876249582491457E-6
1270000,4.841772056633373E-6
1271000,4.807539278678004E-6
1272000,4.7735498087076346E-6
1273000,4.739802227838082E-6
1274000,4.706295138218593E-6
1275000,4.673027163031893E-6
1276000,4.639996946494187E-6
1277000,4.6072031538551446E-6
1278000,4.574644471397888E-6
1279000,4.542319606439033E-6
1280000,4.5102272873286505E-6
1281000,4.478366263450288E-6
1282000,4.446735305220955E-6
1283000,4.415333204091146E-6
1284000,4.384158772544806E-6
1285000,4.3532108440993596E-6
1286000,4.322488273305696E-6
1287000,4.291989935748175E-6
1288000,4.26171472804463E-6
1289000,4.231661567846376E-6
1290000,4.2018293938381556E-6
1291000,4.172141887517396E-6
1292000,4.14262618420523E-6
1293000,4.113318035707591E-6
1294000,4.0842160709297625E-6
1295000,4.055318933751766E-6
1296000,4.026625283028405E-6
1297000,3.9981337925891975E-6
1298000,3.9698431512384415E-6
1299000,3.941752062755167E-6
1300000,3.913859245893163E-6
1301000,3.886163434380962E-6
1302000,3.858663376921867E-6
1303000,3.831357837193915E-6
1304000,3.8042455938498905E-6
1305000,3.7773254405173374E-6
1306000,3.7505961857985583E-6
1307000,3.724056653270586E-6
1308000,3.69770568148522E-6
1309000,3.6715421239690145E-6
1310000,3.6455648492232577E-6
1311000,3.6197727407240042E-6
1312000,3.5941646969220475E-6
1313000,3.568739631242943E-6
1314000,3.5434964720869885E-6
1315000,3.518434162829245E-6
1316000,3.4935516618195016E-6
1317000,3.4688479423823263E-6
1318000,3.4443219928170128E-6
1319000,3.4199728163976277E-6
1320000,3.395799431372973E-6
1321000,3.3718008709666044E-6
1322000,3.3479761833768374E-6
1323000,3.3243244317767316E-6
1324000,3.30084469431409E-6
1325000,3.2775360641114817E-6
1326000,3.254397649266222E-6
1327000,3.2314285728503656E-6
1328000,3.208627972910736E-6
1329000,3.1859950024689004E-6
1330000,3.163528829521171E-6
1331000,3.1412286370386113E-6
1332000,3.1190936229670515E-6
1333000,3.0970358701680637E-6
1334000,3.075132725487849E-6
1335000,3.053384397242824E-6
1336000,3.0317898389211925E-6
1337000,3.010348014303335E-6
1338000,2.9890578974617515E-6
1339000,2.9679184727611024E-6
1340000,2.9469287348582006E-6
1341000,2.9260876887019896E-6
1342000,2.905394349533578E-6
1343000,2.8848477428862007E-6
1344000,2.864446904585259E-6
1345000,2.8441908807482865E-6
1346000,2.8240787277849745E-6
1347000,2.8041095123971498E-6
1348000,2.7842823115787997E-6
1349000,2.764596212616048E-6
1350000,2.7450503130871646E-6
1351000,2.72564372086257E-6
1352000,2.7063755541048357E-6
1353000,2.687244941268672E-6
1354000,2.66825102110094E-6
1355000,2.6493929426406483E-6
1356000,2.630669865218948E-6
1357000,2.6120809584591432E-6
1358000,2.593625402276682E-6
1359000,2.5753023868791526E-6
1360000,2.557111112766298E-6
1361000,2.5390507907300115E-6
1362000,2.521120641854325E-6
1363000,2.5033198975154203E-6
1364000,2.4856477993816246E-6
1365000,2.468103599413413E-6
1366000,2.450686559863408E-6
1367000,2.4333959532763766E-6
1368000,2.4162310624892416E-6
1369000,2.3991911806310535E-6
1370000,2.3822756111230254E-6
1371000,2.36548366767852E-6
1372000,2.3488146743030327E-6
1373000,2.3322679652942146E-6
1374000,2.3158271063863383E-6
1375000,2.299469195717459E-6
1376000,2.283226989958785E-6
1377000,2.267099686226138E-6
1378000,2.251086489154737E-6
1379000,2.235186610899197E-6
1380000,2.2193992711335206E-6
1381000,2.2037236970511062E-6
1382000,2.1881591233647406E-6
1383000,2.1727047923066085E-6
1384000,2.1573599536282865E-6
1385000,2.1421238646007335E-6
1386000,2.126995790014314E-6
1387000,2.1119750021787773E-6
1388000,2.0970607809232704E-6
1389000,2.082252413596325E-6
1390000,2.067549195065878E-6
1391000,2.052950427719243E-6
1392000,2.0384554214631437E-6
1393000,2.024063493723674E-6
1394000,2.009773969446339E-6
1395000,1.995586181096034E-6
1396000,1.981499468657036E-6
1397000,1.9675131796330265E-6
1398000,1.9536266690470737E-6
1399000,1.9398392994416383E-6
1400000,1.926150440878568E-6
1401000,1.9125594709391197E-6
1402000,1.8990657747239255E-6
1403000,1.8856687448530176E-6
1404000,1.8723677814658207E-6
1405000,1.8591622922211505E-6
1406000,1.8460516922972119E-6
1407000,1.8330354043916102E-6
1408000,1.8201128587213402E-6
1409000,1.807283493022783E-6
1410000,1.794546752551723E-6
1411000,1.781902090083325E-6
1412000,1.7693489659121573E-6
1413000,1.7568868478521705E-6
1414000,1.74451521123672E-6
1415000,1.7322335389185378E-6
1416000,1.7200215084196688E-6
1417000,1.7078848151244101E-6
1418000,1.695833737889213E-6
1419000,1.6838676812988161E-6
1420000,1.6719860557814135E-6
1421000,1.6601882776086488E-6
1422000,1.648473768895617E-6
1423000,1.6368419576008672E-6
1424000,1.6252922775264062E-6
1425000,1.6138241683176845E-6
1426000,1.6024370754636095E-6
1427000,1.5911304502965384E-6
1428000,1.5799037499922886E-6
1429000,1.568756437570123E-6
1430000,1.5576879818927586E-6
1431000,1.5466978576663669E-6
1432000,1.535785545440566E-6
1433000,1.5249505316084346E-6
1434000,1.5141923084065003E-6
1435000,1.5035103739147447E-6
1436000,1.4929042320565964E-6
1437000,1.482373392598944E-6
1438000,1.4719173711521227E-6
1439000,1.4615356891699303E-6
1440000,1.4512278739496014E-6
1441000,1.440993458631834E-6
1442000,1.430831982200779E-6
1443000,1.4207429894840387E-6
1444000,1.4107260311526603E-6
1445000,1.4007806637211567E-6
1446000,1.3909064495474798E-6
1447000,1.3811029568330456E-6
1448000,1.3713697596227162E-6
1449000,1.3617064378048098E-6
1450000,1.352112577111091E-6
1451000,1.3425877691167843E-6
1452000,1.3331316112405654E-6
1453000,1.3237437067445573E-6
1454000,1.3144236647343407E-6
1455000,1.3051711001589485E-6
1456000,1.2959856338108649E-6
1457000,1.286866892326026E-6
1458000,1.2777969867688213E-6
1459000,1.2687905685043038E-6
1460000,1.2598478746095222E-6
1461000,1.2509684614717982E-6
1462000,1.2421518888337584E-6
1463000,1.2333977197645031E-6
1464000,1.2247055206307859E-6
1465000,1.2160748610681775E-6
1466000,1.2075053139522401E-6
1467000,1.198996455369704E-6
1468000,1.190547864589634E-6
1469000,1.1821591240346043E-6
1470000,1.17382981925187E-6
1471000,1.1655595388845352E-6
1472000,1.1573478746427364E-6
1473000,1.1491944212747996E-6
1474000,1.1410987765384213E-6
1475000,1.133060541171843E-6
1476000,1.1250793188650146E-6
1477000,1.1171547162307753E-6
1478000,1.1092863427760136E-6
1479000,1.1014738108728558E-6
1480000,1.0937167357298248E-6
1481000,1.086014735363015E-6
1482000,1.0783674305672706E-6
1483000,1.0707744448873524E-6
1484000,1.0632354045891037E-6
1485000,1.0557499386306385E-6
1486000,1.0483176786334984E-6
1487000,1.0409382588538297E-6
1488000,1.0336113161535606E-6
1489000,1.0263364899715656E-6
1490000,1.0191134222948396E-6
1491000,1.0119417576296745E-6
1492000,1.0048211429728226E-6
1493000,9.97751227782681E-7
1494000,9.907316639504505E-7
1495000,9.837621057713165E-7
1496000,9.768422099156151E-7
1497000,9.699716354000134E-7
1498000,9.631500435586691E-7
1499000,9.563764062081285E-7
1500000,9.49649194464465E-7
1501000,9.429697086359593E-7
1502000,9.363376064189353E-7
1503000,9.297525473442988E-7
1504000,9.232141927447532E-7
1505000,9.167222057220146E-7
1506000,9.102762511140282E-7
1507000,9.038759954621833E-7
1508000,8.975211069785325E-7
1509000,8.912112555130039E-7
1510000,8.849461125206178E-7
1511000,8.787253510287045E-7
1512000,8.725486456041211E-7
1513000,8.664156723204632E-7
1514000,8.603261087252838E-7
1515000,8.542796338073087E-7
1516000,8.482759279636565E-7
1517000,8.42314672967046E-7
1518000,8.363955519330197E-7
1519000,8.305182492871557E-7
1520000,8.246824507322861E-7
1521000,8.188878432157115E-7
1522000,8.131341148964201E-7
1523000,8.074209551122961E-7
1524000,8.017480543473447E-7
1525000,7.961151041989046E-7
1526000,7.9052179734486E-7
1527000,7.849678275108636E-7
1528000,7.794528894375472E-7
1529000,7.739766788477407E-7
1530000,7.685388924136865E-7
1531000,7.63139227724257E-7
1532000,7.577773832521668E-7
1533000,7.524530583211952E-7
1534000,7.471659530733968E-7
1535000,7.419157684363197E-7
1536000,7.367022060902216E-7
1537000,7.315249684352829E-7
1538000,7.263837585588271E-7
1539000,7.212782802025357E-7
1540000,7.162082377296605E-7
1541000,7.111795561484638E-7
1542000,7.061905073527558E-7
1543000,7.012370804278327E-7
1544000,6.963190345716515E-7
1545000,6.914361308470649E-7
1546000,6.865881321654186E-7
1547000,6.817748032701353E-7
1548000,6.769959107202965E-7
1549000,6.722512228742347E-7
1550000,6.675405098731192E-7
1551000,6.628635436245415E-7
1552000,6.582200977861052E-7
1553000,6.536099477490061E-7
1554000,6.490328706216292E-7
1555000,6.444886452131262E-7
1556000,6.39977052017008E-7
1557000,6.354978731947302E-7
1558000,6.310508925592783E-7
1559000,6.266358955587567E-7
1560000,6.222526692599722E-7
1561000,6.179010023320277E-7
1562000,6.135806850299031E-7
1563000,6.092915091780402E-7
1564000,6.050332681539379E-7
1565000,6.008057568717327E-7
1566000,5.966087717657855E-7
1567000,5.924421107742737E-7
1568000,5.883055733227702E-7
1569000,5.841989603078385E-7
1570000,5.80122074080613E-7
1571000,5.76074718430388E-7
1572000,5.720566985682074E-7
1573000,5.680678211104484E-7
1574000,5.641078940624086E-7
1575000,5.601767268018933E-7
1576000,5.56274130062803E-7
1577000,5.523999159187186E-7
1578000,5.485538977664924E-7
1579000,5.447358903098277E-7
1580000,5.409457095428734E-7
1581000,5.371831727338064E-7
1582000,5.334480984084188E-7
1583000,5.297403063337049E-7
1584000,5.260596175014501E-7
1585000,5.224058541118159E-7
1586000,5.187788395569272E-7
1587000,5.151783984044569E-7
1588000,5.116043563812187E-7
1589000,5.080565403567466E-7
1590000,5.04534778326888E-7
1591000,5.010388993973865E-7
1592000,4.975687337674693E-7
1593000,4.941241127134376E-7
1594000,4.907048685722489E-7
1595000,4.873108347251055E-7
1596000,4.839418455810436E-7
1597000,4.805977365605157E-7
1598000,4.772783440789816E-7
1599000,4.739835055304928E-7
1600000,4.707130592712804E-7
1601000,4.674668446033422E-7
1602000,4.6424470175802814E-7
1603000,4.610464718796294E-7
1604000,4.5787199700896235E-7
1605000,4.547211200669584E-7
1606000,4.515936848382494E-7
1607000,4.484895359547529E-7
1608000,4.45408518879263E-7
1609000,4.4235047988903406E-7
1610000,4.3931526605936804E-7
1611000,4.3630272524720164E-7
1612000,4.3331270607469394E-7
1613000,4.303450579128121E-7
1614000,4.2739963086491954E-7
1615000,4.2447627575036064E-7
1616000,4.2157484408804905E-7
1617000,4.1869518808005655E-7
1618000,4.158371605951956E-7
1619000,4.1300061515260867E-7
1620000,4.1018540590535525E-7
1621000,4.0739138762399864E-7
1622000,4.0461841568019186E-7
1623000,4.0186634603026593E-7
1624000,3.991322770841093E-7
1625000,3.964106129820101E-7
1626000,3.9370875014186385E-7
1627000,3.910265245724402E-7
1628000,3.883637723722033E-7
1629000,3.857203297094247E-7
1630000,3.8309603280230303E-7
1631000,3.8049071789907576E-7
1632000,3.779042212581368E-7
1633000,3.753363791281511E-7
1634000,3.727870277281697E-7
1635000,3.7025600322774804E-7
1636000,3.677431417270583E-7
1637000,3.652482792370052E-7
1638000,3.627712516593449E-7
1639000,3.603118947667953E-7
1640000,3.578700441831563E-7
1641000,3.5544553536342316E-7
1642000,3.530382035739013E-7
1643000,3.5064788387232353E-7
1644000,3.482744110879642E-7
1645000,3.4591761980175656E-7
1646000,3.435773443264059E-7
1647000,3.4125341868650715E-7
1648000,3.389456765986588E-7
1649000,3.366539514515791E-7
1650000,3.343780762862227E-7
1651000,3.32117883775894E-7
1652000,3.2987320620636413E-7
1653000,3.276438754559865E-7
1654000,3.2542972297581194E-7
1655000,3.232305797697032E-7
1656000,3.210462763744539E-7
1657000,3.188766428398989E-7
1658000,3.167215087090345E-7
1659000,3.145807029981315E-7
1660000,3.1245405417685197E-7
1661000,3.103413901483633E-7
1662000,3.0824253822945467E-7
1663000,3.061573251306535E-7
1664000,3.0408557693633755E-7
1665000,3.0202711908485644E-7
1666000,2.9998177634864014E-7
1667000,2.9794937281432026E-7
1668000,2.959297318628424E-7
1669000,2.939226761495832E-7
1670000,2.9192802758446383E-7
1671000,2.8994560731206883E-7
1672000,2.879752356917573E-7
1673000,2.8601673227778384E-7
1674000,2.840699157994086E-7
1675000,2.821346041410166E-7
1676000,2.802106143222313E-7
1677000,2.78297762478032E-7
1678000,2.763958638388661E-7
1679000,2.74504732710769E-7
1680000,2.726241824554756E-7
1681000,2.707540254705381E-7
1682000,2.688940731694416E-7
1683000,2.670441359617182E-7
1684000,2.6520402323306334E-7
1685000,2.6337354332545213E-7
1686000,2.615525035172531E-7
1687000,2.597407100033457E-7
1688000,2.5793796787523414E-7
1689000,2.561440811011637E-7
1690000,2.543588525062365E-7
1691000,2.525820837525261E-7
1692000,2.5081357531919474E-7
1693000,2.4905312648260664E-7
1694000,2.4734645551886386E-7
1695000,2.456665104661632E-7
1696000,2.439978727792009E-7
1697000,2.423404540917401E-7
1698000,2.406941667131585E-7
1699000,2.390589236233923E-7
1700000,2.3743463846788455E-7
1701000,2.3582122555252634E-7
1702000,2.3421859983860353E-7
1703000,2.326266769377417E-7
1704000,2.3104537310685124E-7
1705000,2.2947460524307106E-7
1706000,2.2791429087871474E-7
1707000,2.2636434817621466E-7
1708000,2.2482469592306793E-7
1709000,2.232952535267801E-7
1710000,2.2177594100981125E-7
1711000,2.2026667900451934E-7
1712000,2.187673887481072E-7
1713000,2.1727799207756563E-7
1714000,2.1579841142461983E-7
1715000,2.1432856981067261E-7
1716000,2.1286839084175107E-7
1717000,2.1141779870345052E-7
1718000,2.0997671815588007E-7
1719000,2.085450745286053E-7
1720000,2.071227937155978E-7
1721000,2.057098021701751E-7
1722000,2.0430602689994854E-7
1723000,2.0291139546176757E-7
1724000,2.0152583595666457E-7
1725000,2.001492770247995E-7
1726000,1.9878164784040534E-7
1727000,1.9742287810673273E-7
1728000,1.9607289805099417E-7
1729000,1.9473163841931115E-7
1730000,1.9339903047165672E-7
1731000,1.920750059768014E-7
1732000,1.907594972072582E-7
1733000,1.894524369342275E-7
1734000,1.8815375842254162E-7
1735000,1.8686339542560963E-7
1736000,1.8558128218036364E-7
1737000,1.8430735340220162E-7
1738000,1.830415442799348E-7
1739000,1.8178379047072947E-7
1740000,1.8053402809505509E-7
1741000,1.792921937316273E-7
1742000,1.7805822441235328E-7
1743000,1.768320576172767E-7
1744000,1.7561363126952267E-7
1745000,1.7440288373024325E-7
1746000,1.731997537935609E-7
1747000,1.720041806815145E-7
1748000,1.7081610403900477E-7
1749000,1.6963546392873812E-7
1750000,1.6846220082617153E-7
1751000,1.6729625561445857E-7
1752000,1.6613756957939298E-7
1753000,1.6498608440435554E-7
1754000,1.638417421652561E-7
1755000,1.627044853254811E-7
1756000,1.6157425673083815E-7
1757000,1.6045099960449844E-7
1758000,1.5933465754194588E-7
1759000,1.582251745059179E-7
1760000,1.5712249482135338E-7
1761000,1.5602656317033534E-7
1762000,1.5493732458703816E-7
1763000,1.538548268362169E-7
1764000,1.5277939164331256E-7
1765000,1.517107084928383E-7
1766000,1.5064873922616398E-7
1767000,1.4959344646319693E-7
1768000,1.48544793602381E-7
1769000,1.4750274482069808E-7
1770000,1.4646726507366626E-7
1771000,1.4543832009534164E-7
1772000,1.444158763983173E-7
1773000,1.4339990127372284E-7
1774000,1.4239036279122609E-7
1775000,1.4138722979903136E-7
1776000,1.4039047192388035E-7
1777000,1.3940005957105163E-7
1778000,1.3841596392436124E-7
1779000,1.3743815694616267E-7
1780000,1.3646661137734584E-7
1781000,1.3550130073733879E-7
1782000,1.3454219932410574E-7
1783000,1.3358928221414876E-7
1784000,1.326425252625069E-7
1785000,1.3170190510275637E-7
1786000,1.3076739914701052E-7
1787000,1.298389855859201E-7
1788000,1.2891664338867247E-7
1789000,1.2800035230299294E-7
1790000,1.270900928551433E-7
1791000,1.261858463499231E-7
1792000,1.2528759487066857E-7
1793000,1.243953212792534E-7
1794000,1.235090092160885E-7
1795000,1.2262864310012166E-7
1796000,1.2175420812883806E-7
1797000,1.2088569027826004E-7
1798000,1.2002307630294684E-7
1799000,1.1916635373599567E-7
1800000,1.1831551088903987E-7
1801000,1.174705368522509E-7
1802000,1.166314214943365E-7
1803000,1.1579815546254224E-7
1804000,1.1497073018265067E-7
1805000,1.1414913785898149E-7
1806000,1.1333337147439145E-7
1807000,1.125234247902748E-7
1808000,1.1171929234656279E-7
1809000,1.1092096946172372E-7
1810000,1.1012845223276324E-7
1811000,1.0934173753522379E-7
1812000,1.0856082302318581E-7
1813000,1.0778570712926622E-7
1814000,1.0701638906461909E-7
1815000,1.0625286881893623E-7
1816000,1.0549514716044598E-7
1817000,1.0474322563591438E-7
1818000,1.0399710657064422E-7
1819000,1.0325679306847574E-7
1820000,1.0252228901178633E-7
1821000,1.0179359906149027E-7
1822000,1.0107072865703947E-7
1823000,1.0035368401642272E-7
1824000,9.964247213616598E-8
1825000,9.893710079133255E-8
1826000,9.823757853552268E-8
1827000,9.754391470087418E-8
1828000,9.685611939806158E-8
1829000,9.617420351629683E-8
1830000,9.54981787233288E-8
1831000,9.482805746544409E-8
1832000,9.416385296746603E-8
1833000,9.348579050901435E-8
1834000,9.280431067880235E-8
1835000,9.212728926108003E-8
1836000,9.145470788240604E-8
1837000,9.078654862189357E-8
1838000,9.012279401120986E-8
1839000,8.946342703457676E-8
1840000,8.880843112876965E-8
1841000,8.81577901831189E-8
1842000,8.751148853950846E-8
1843000,8.686951099237699E-8
1844000,8.623184278871692E-8
1845000,8.559846962807532E-8
1846000,8.496937766255301E-8
1847000,8.434455349680563E-8
1848000,8.372398418804237E-8
1849000,8.310765724602734E-8
1850000,8.249556063307827E-8
1851000,8.188768276406747E-8
1852000,8.128401250642107E-8
1853000,8.068453918011999E-8
1854000,8.008925255769889E-8
1855000,7.94981428642469E-8
1856000,7.891120077740739E-8
1857000,7.832841742737773E-8
1858000,7.774978439690968E-8
1859000,7.717529372130911E-8
1860000,7.66049378884362E-8
1861000,7.603870983870541E-8
1862000,7.547660296508515E-8
1863000,7.49186111130984E-8
1864000,7.436472858082199E-8
1865000,7.381495011888743E-8
1866000,7.326927093047989E-8
1867000,7.272768667133923E-8
1868000,7.219019344975939E-8
1869000,7.165678782658836E-8
1870000,7.112746681522851E-8
1871000,7.060222788163631E-8
1872000,7.008106894432267E-8
1873000,6.956398837435256E-8
1874000,6.905098499534522E-8
1875000,6.854205808347392E-8
1876000,6.803720736746644E-8
1877000,6.753643302860465E-8
1878000,6.703973570072447E-8
1879000,6.654711647021642E-8
1880000,6.605857687602488E-8
1881000,6.557411890964865E-8
1882000,6.509374501514068E-8
1883000,6.461745808910814E-8
1884000,6.414526148071234E-8
1885000,6.367715899166901E-8
1886000,6.321315487624801E-8
1887000,6.275325384127323E-8
1888000,6.229746104612307E-8
1889000,6.184578210272994E-8
1890000,6.139822307558058E-8
1891000,6.095479048171593E-8
1892000,6.051549129073112E-8
1893000,6.00803329247755E-8
1894000,5.964932325855277E-8
1895000,5.922247061932042E-8
1896000,5.879978378689075E-8
1897000,5.838127199362983E-8
1898000,5.796694492445827E-8
1899000,5.7556812716850684E-8
1900000,5.7150885960835906E-8
1901000,5.6749175698997066E-8
1902000,5.634727726023388E-8
1903000,5.5930324274845644E-8
1904000,5.5516383408385724E-8
1905000,5.510543866130418E-8
1906000,5.4697474214331174E-8
1907000,5.4292474428477406E-8
1908000,5.389042384503356E-8
1909000,5.349130718557051E-8
1910000,5.3095109351939726E-8
1911000,5.270181542627245E-8
1912000,5.2311410670980474E-8
1913000,5.1923880528755676E-8
1914000,5.153921062257025E-8
1915000,5.115738675567658E-8
1916000,5.0778394911607265E-8
1917000,5.040222125417511E-8
1918000,5.002885212747331E-8
1919000,4.9658274055875145E-8
1920000,4.929047374403408E-8
1921000,4.8925438076884106E-8
1922000,4.856315411963903E-8
1923000,4.820360911779325E-8
1924000,4.784679049712114E-8
1925000,4.7492685863677525E-8
1926000,4.714128300379725E-8
1927000,4.679256988409552E-8
1928000,4.644653465146787E-8
1929000,4.610316563308985E-8
1930000,4.576245133641733E-8
1931000,4.542438044918647E-8
1932000,4.508894183941352E-8
1933000,4.475612455539524E-8
1934000,4.442591782570835E-8
1935000,4.4098311059209805E-8
1936000,4.377329384503706E-8
1937000,4.3450855952607465E-8
1938000,4.313098733161886E-8
1939000,4.281367811204924E-8
1940000,4.249891860415676E-8
1941000,4.218669929847991E-8
1942000,4.187701086583733E-8
1943000,4.15698441573279E-8
1944000,4.126519020433089E-8
1945000,4.096304021850553E-8
1946000,4.066338559179156E-8
1947000,4.0366217896408693E-8
1948000,4.007152888485716E-8
1949000,3.977931048991707E-8
1950000,3.9489554824649144E-8
1951000,3.92022541823941E-8
1952000,3.8917401036772866E-8
1953000,3.86349880416868E-8
1954000,3.8355008031317254E-8
1955000,3.8077454020126075E-8
1956000,3.780231920285505E-8
1957000,3.752959695452649E-8
1958000,3.7259280830442735E-8
1959000,3.699136456618645E-8
1960000,3.672584207762047E-8
1961000,3.64627074608879E-8
1962000,3.620195499241208E-8
1963000,3.594357912889654E-8
1964000,3.568757450732515E-8
1965000,3.5433935944961954E-8
1966000,3.51826584393512E-8
1967000,3.4933737168317364E-8
1968000,3.468716748996518E-8
1969000,3.4442944942679664E-8
1970000,3.42010652451259E-8
1971000,3.3961524296249446E-8
1972000,3.37185346412694E-8
1973000,3.347471078300678E-8
1974000,3.323275271619149E-8
1975000,3.29926463897135E-8
1976000,3.275437783249777E-8
1977000,3.251793315350437E-8
1978000,3.228329854172847E-8
1979000,3.205046026620014E-8
1980000,3.1819404675984767E-8
1981000,3.159011820018261E-8
1982000,3.1362587347929144E-8
1983000,3.113679870839477E-8
1984000,3.091273895078506E-8
1985000,3.06903948243406E-8
1986000,3.046975315833714E-8
1987000,3.025080086208535E-8
1988000,3.0033524924931156E-8
1989000,2.9817912416255285E-8
1990000,2.9603950485473832E-8
1991000,2.9391626362037803E-8
1992000,2.9180927355433214E-8
1993000,2.897184085518136E-8
1994000,2.8764354330838402E-8
1995000,2.8558455331995655E-8
1996000,2.8354131488279484E-8
1997000,2.8151370509351355E-8
1998000,2.795016018490779E-8
1999000,2.7750488384680328E-8
2000000,2.7552343058435696E-8
