% Model,dns_full_-_inletOutlet_dispersivity_0-029_update_out.mph
% Version,COMSOL 5.3.0.223
% Date,"Jul 10 2017, 18:13"
% Table,Table 3 - Surface Average 1 (c)
% Time (s),Concentration (kg/m^3)
0,1.0000025409113256
1000,1.0000024623173833
2000,1.0000010028161044
3000,0.9999976589000497
4000,0.9999922273456255
5000,0.999985113941882
6000,0.9999772274974496
7000,0.9999695283650463
8000,0.9999625825984952
9000,0.9999562688793698
10000,0.9999496010805526
11000,0.9999405688690423
12000,0.9999258988569301
13000,0.9999006488213144
14000,0.9998575508818628
15000,0.9997860154570538
16000,0.9996707039474376
17000,0.9994895855958389
18000,0.9992114278762917
19000,0.9987927488540124
20000,0.9981743818818147
21000,0.9972779621157505
22000,0.9960027769513411
23000,0.9942235820577777
24000,0.9917899849763265
25000,0.9885278789034625
26000,0.9842432782958153
27000,0.9787285622311092
28000,0.9717708436871351
29000,0.9631619264980507
30000,0.9527090698245024
31000,0.940245673189201
32000,0.9256410447355164
33000,0.9088084572883749
34000,0.8897109432739361
35000,0.8683644903229835
36000,0.8448384916313537
37000,0.8192536076019746
38000,0.7917773310834454
39000,0.7626176704632393
40000,0.7320154724594871
41000,0.7002359302891411
42000,0.6675597769961676
43000,0.6342746354764862
44000,0.6006669172327036
45000,0.5670145602197278
46000,0.5335808104944487
47000,0.5006091759356023
48000,0.46831960029214587
49000,0.436905813740061
50000,0.4065337944109865
51000,0.37734122767748374
52000,0.349437824618835
53000,0.322906376178981
54000,0.29780437088588263
55000,0.27416583602160427
56000,0.25200386047289075
57000,0.23131299011872022
58000,0.21207178993770331
59000,0.1942453108031935
60000,0.17778749984246214
61000,0.16264348967217082
62000,0.14875171212845284
63000,0.13604579932695499
64000,0.1244562738201707
65000,0.11391200697785642
66000,0.10434148334747935
67000,0.09567385926217223
68000,0.08783982743629401
69000,0.08077230478060242
70000,0.07440696334037977
71000,0.06868262292311554
72000,0.06354152245670822
73000,0.05892948672071155
74000,0.0547960049392009
75000,0.05109423686838281
76000,0.047780960233754624
77000,0.04481646932369565
78000,0.04216444971419603
79000,0.039791811392869914
80000,0.037668509980069
81000,0.03576735567999664
82000,0.034063818909243385
83000,0.03253583487929347
84000,0.031163609561824384
85000,0.029929430020611044
86000,0.028817482072692153
87000,0.027813677336874492
88000,0.026905492821426895
89000,0.02608182593475367
90000,0.025332837086377177
91000,0.02464980630098291
92000,0.024025025030237977
93000,0.023451728840126047
94000,0.022923922924318482
95000,0.02243635717677793
96000,0.021984404359194215
97000,0.02156400928569294
98000,0.021171614184417296
99000,0.020804088302158123
100000,0.020458705713308937
101000,0.020133047397051636
102000,0.019825031398846858
103000,0.01953278976422369
104000,0.01925472752100673
105000,0.01898940934692841
106000,0.01873560939358758
107000,0.0184922238095936
108000,0.01825830745964339
109000,0.018033008480565167
110000,0.017815594830191184
111000,0.01760540594626583
112000,0.017401871400706023
113000,0.017204476351031735
114000,0.017012772907520818
115000,0.016826357727866545
116000,0.016644876799760944
117000,0.016468010610806123
118000,0.016295473439628352
119000,0.016127010380308466
120000,0.01596239074442876
121000,0.01580140816160666
122000,0.015643873498901274
123000,0.015489620627773272
124000,0.015338495718120475
125000,0.015190358795621072
126000,0.01504508036504565
127000,0.014902539013292315
128000,0.014762618563974216
129000,0.014625205746806228
130000,0.01449020540769148
131000,0.014357553967007728
132000,0.014227150958261978
133000,0.014098914579139346
134000,0.013972775941059409
135000,0.013848671202682307
136000,0.013726529177523778
137000,0.01360628518455653
138000,0.013487890145654258
139000,0.013371289974727973
140000,0.013256429478465143
141000,0.013143257751837521
142000,0.01303173309712826
143000,0.012921807875024931
144000,0.012813437519308137
145000,0.012706579285352342
146000,0.012601198127113092
147000,0.012497252117994136
148000,0.012394702717865169
149000,0.012293513994640867
150000,0.012193655904284974
151000,0.012095092270300076
152000,0.011997790374866016
153000,0.011901720237715718
154000,0.011806853992704732
155000,0.011713162107501639
156000,0.011620617199327086
157000,0.011529192971365187
158000,0.01143886403088406
159000,0.01134960581988555
160000,0.011261394642889604
161000,0.011174207116747064
162000,0.011088020897865088
163000,0.011002814213359751
164000,0.010918565836472624
165000,0.010835256022252219
166000,0.01075286452127282
167000,0.010671371921404759
168000,0.010590759529487714
169000,0.010511010190532822
170000,0.010432105949252462
171000,0.010354029827176151
172000,0.010276765515785982
173000,0.010200297408304871
174000,0.010124610046666645
175000,0.010049688599865565
176000,0.009975518561672614
177000,0.009902085864544857
178000,0.009829376966378093
179000,0.009757378661506153
180000,0.009686078122088443
181000,0.009615462868886844
182000,0.009545520755401504
183000,0.009476239950222384
184000,0.00940760891675919
185000,0.009339616393924
186000,0.009272251376813583
187000,0.00920550333923115
188000,0.009139363236327741
189000,0.009073820274166394
190000,0.009008864717633479
191000,0.008944487070481379
192000,0.00888067806217687
193000,0.008817428634749913
194000,0.00875472992964229
195000,0.008692573994868837
196000,0.008630952838175053
197000,0.008569857912266618
198000,0.008509281303155926
199000,0.008449215271884527
200000,0.008389652244038755
201000,0.008330584799264795
202000,0.008272005660784376
203000,0.008213909980977985
204000,0.008156289998429227
205000,0.008099139024388875
206000,0.008042450685448121
207000,0.007986218756936475
208000,0.00793043715574454
209000,0.007875099933146425
210000,0.007820201486945996
211000,0.0077657367247990095
212000,0.007711699766262642
213000,0.007658085264581154
214000,0.007604887989759348
215000,0.007552102822426413
216000,0.0074997247476994355
217000,0.007447748849046893
218000,0.00739617068536673
219000,0.007344985605285205
220000,0.007294188885657655
221000,0.00724377604093283
222000,0.007193742666144559
223000,0.0071440844314965765
224000,0.007094797076946626
225000,0.007045876433819775
226000,0.006997319496697521
227000,0.006949121667271165
228000,0.00690127907831015
229000,0.006853787928214726
230000,0.0068066444769282666
231000,0.006759845041849496
232000,0.006713385993744738
233000,0.006667264164728008
234000,0.00662147663886041
235000,0.006576019613191732
236000,0.006530889812038725
237000,0.006486084016711755
238000,0.006441599062789867
239000,0.006397431837395873
240000,0.00635357927647109
241000,0.006310038778485253
242000,0.006266807341950584
243000,0.006223882018000463
244000,0.006181260001028503
245000,0.006138938532332956
246000,0.00609691489804105
247000,0.006055186427033508
248000,0.0060137505095278964
249000,0.00597260470577521
250000,0.005931746389991249
251000,0.0058911730676849796
252000,0.00585088228031525
253000,0.005810871603420794
254000,0.005771138644749889
255000,0.005731681042390607
256000,0.005692496596865908
257000,0.005653583106656127
258000,0.00561493823275143
259000,0.005576559761098533
260000,0.00553844550459553
261000,0.0055005933015573015
262000,0.005463001014180876
263000,0.005425666527010876
264000,0.005388588103836551
265000,0.005351763568218359
266000,0.005315190885507788
267000,0.005278868081200769
268000,0.0052427932040641344
269000,0.00520696432507485
270000,0.005171379536359094
271000,0.0051360370066414985
272000,0.005100935055985136
273000,0.005066071743939322
274000,0.005031445276265346
275000,0.004997053879898334
276000,0.0049628958021905615
277000,0.004928969310155127
278000,0.0048952726897091865
279000,0.004861804293254746
280000,0.004828562458092741
281000,0.0047955455118984065
282000,0.004762751821810483
283000,0.004730179771812249
284000,0.004697827762071498
285000,0.004665694208280191
286000,0.004633777540994398
287000,0.004602076282621346
288000,0.004570588856472582
289000,0.004539313744749913
290000,0.0045082494435318195
291000,0.004477394462074727
292000,0.004446747322241245
293000,0.004416306557928523
294000,0.004386070757687107
295000,0.004356038554776177
296000,0.004326208477822064
297000,0.004296579123839633
298000,0.004267149101778315
299000,0.004237917032106992
300000,0.004208881546398651
301000,0.004180041286915316
302000,0.004151394984385152
303000,0.004122941301885612
304000,0.00409467890582489
305000,0.004066606494853895
306000,0.004038722778544944
307000,0.004011026477104617
308000,0.00398351632108693
309000,0.003956191054719561
310000,0.003929049464453528
311000,0.0039020902935450823
312000,0.003875312317033857
313000,0.0038487143196825526
314000,0.0038222950957365605
315000,0.0037960534486836655
316000,0.0037699881910138373
317000,0.0037440981526858613
318000,0.0037183821717830653
319000,0.003692839081994423
320000,0.003667467732561133
321000,0.0036422669809408835
322000,0.0036172356925910937
323000,0.0035923727407518925
324000,0.003567677006229456
325000,0.00354314741267786
326000,0.003518782847348824
327000,0.0034945822138117266
328000,0.003470544427870704
329000,0.003446668412700334
330000,0.0034229530986779936
331000,0.003399397423215995
332000,0.0033760003413522595
333000,0.003352760847808851
334000,0.0033296778794874803
335000,0.0033067504089240364
336000,0.0032839774160173703
337000,0.0032613578879282248
338000,0.003238890818978205
339000,0.003216575210548745
340000,0.0031944100709801163
341000,0.003172394415470342
342000,0.0031505272659741942
343000,0.0031288076511021526
344000,0.0031072346060194104
345000,0.003085807172344768
346000,0.0030645243980496574
347000,0.0030433853373571145
348000,0.0030223889929174713
349000,0.0030015344668167985
350000,0.0029808208295534753
351000,0.002960247155396786
352000,0.002939812523996319
353000,0.0029195160202658975
354000,0.0028993567342675193
355000,0.0028793337610952484
356000,0.00285944620075919
357000,0.002839693158069302
358000,0.0028200737425194476
359000,0.002800587068171213
360000,0.002781232253537851
361000,0.0027620084214682542
362000,0.0027429146990307824
363000,0.0027239505203497157
364000,0.002705114951559741
365000,0.002686407042700605
366000,0.0026678259572323936
367000,0.0026493708638881588
368000,0.0026310409366149235
369000,0.0026128353545145718
370000,0.0025947533017848727
371000,0.0025767939676603954
372000,0.0025589565463534658
373000,0.0025412402369951437
374000,0.0025236442435761447
375000,0.0025061677748878354
376000,0.0024888100444631417
377000,0.0024715702705175677
378000,0.002454447704326472
379000,0.002437441592679115
380000,0.0024205511397539714
381000,0.0024037755846057786
382000,0.0023871141708734908
383000,0.002370566146727498
384000,0.0023541307648168586
385000,0.002337807282216472
386000,0.002321594960374345
387000,0.002305493065058795
388000,0.0022895008663056508
389000,0.0022736176383654975
390000,0.0022578426596508686
391000,0.002242175212683473
392000,0.002226614584041436
393000,0.0022111600923230817
394000,0.002195811146575894
395000,0.0021805669482084997
396000,0.0021654268055369894
397000,0.002150390031098831
398000,0.002135455941613241
399000,0.0021206238579415315
400000,0.002105893105047395
401000,0.0020912630119572576
402000,0.002076732911720633
403000,0.0020623021413704225
404000,0.002047970041883229
405000,0.0020337359581397724
406000,0.002019599238885134
407000,0.0020055592366891046
408000,0.0019916153079065713
409000,0.0019777668960309857
410000,0.001964013311026942
411000,0.0019503539185032198
412000,0.0019367880930821516
413000,0.0019233152132159064
414000,0.0019099346611541178
415000,0.001896645822911522
416000,0.001883448088235485
417000,0.0018703408505736689
418000,0.001857323507041594
419000,0.0018443954583902693
420000,0.0018315561089737326
421000,0.0018188048667167642
422000,0.0018061411430823505
423000,0.0017935643530394116
424000,0.00178107395086033
425000,0.0017686693520791684
426000,0.0017563499689774715
427000,0.0017441152323500041
428000,0.0017319645764836107
429000,0.0017198974391292243
430000,0.0017079132614739997
431000,0.001696011488113315
432000,0.0016841915670228725
433000,0.0016724529495307735
434000,0.0016607950902895457
435000,0.001649217447248234
436000,0.0016377194816244614
437000,0.0016263006578764992
438000,0.0016149604436753256
439000,0.0016036983319822646
440000,0.0015925138159871668
441000,0.0015814063480129685
442000,0.001570375410459048
443000,0.0015594204889495878
444000,0.0015485410723103219
445000,0.001537736652545159
446000,0.001527006724812914
447000,0.0015163507874039024
448000,0.0015057683417166931
449000,0.0014952588922347468
450000,0.001484821946503095
451000,0.0014744570151049863
452000,0.0014641636116386368
453000,0.001453941252693817
454000,0.0014437894648157178
455000,0.0014337078073611896
456000,0.0014236957755300063
457000,0.0014137528994556316
458000,0.001403878712275218
459000,0.0013940727501102412
460000,0.0013843345520471132
461000,0.0013746636601177644
462000,0.0013650596192803098
463000,0.0013555219773996195
464000,0.001346050285227952
465000,0.0013366440963855672
466000,0.001327302967341339
467000,0.0013180264573933766
468000,0.0013088141286496172
469000,0.0012996655460084713
470000,0.0012905802937050437
471000,0.0012815579321855059
472000,0.0012725980337089898
473000,0.0012637001748681152
474000,0.0012548639349991958
475000,0.0012460888961643682
476000,0.0012373746431336965
477000,0.0012287207633673088
478000,0.0012201268469974752
479000,0.0012115924868107547
480000,0.001203117278230114
481000,0.0011947008192970134
482000,0.0011863427106535496
483000,0.0011780425555245522
484000,0.001169799959699721
485000,0.0011616145334554942
486000,0.0011534858874767662
487000,0.0011454136343176777
488000,0.00113739738996958
489000,0.0011294367729077156
490000,0.0011215314040735791
491000,0.0011136809068572852
492000,0.0011058849070799423
493000,0.0010981430329760431
494000,0.0010904549151757898
495000,0.0010828201866875055
496000,0.0010752384828799936
497000,0.0010677094414648916
498000,0.0010602327024790777
499000,0.0010528079082669875
500000,0.001045434708657515
501000,0.0010381127562387484
502000,0.0010308416934860177
503000,0.0010236211723477016
504000,0.001016450847030384
505000,0.0010093303739823773
506000,0.0010022594118772898
507000,9.95237621597567E-4
508000,9.8826466621803E-4
509000,9.813402109894427E-4
510000,9.744639233220436E-4
511000,9.676354727691079E-4
512000,9.60854531010485E-4
513000,9.541207718361467E-4
514000,9.474338711297451E-4
515000,9.40793509569279E-4
516000,9.341993863401828E-4
517000,9.276511682428815E-4
518000,9.211485402524918E-4
519000,9.146911894182926E-4
520000,9.0827880484919E-4
521000,9.019110776991781E-4
522000,8.955877011528197E-4
523000,8.893083704107185E-4
524000,8.830727826749748E-4
525000,8.768806371346741E-4
526000,8.707316349513356E-4
527000,8.646254792444136E-4
528000,8.585618750767287E-4
529000,8.525405294399665E-4
530000,8.465611512401485E-4
531000,8.406234649926128E-4
532000,8.347271757729428E-4
533000,8.288719969373236E-4
534000,8.230576455281176E-4
535000,8.172838404725385E-4
536000,8.115503025694343E-4
537000,8.058567544760479E-4
538000,8.002029206947574E-4
539000,7.945885275598787E-4
540000,7.890133032243967E-4
541000,7.834769776467413E-4
542000,7.779792825775549E-4
543000,7.725199515464444E-4
544000,7.670987198487559E-4
545000,7.617153245323382E-4
546000,7.563695088081258E-4
547000,7.510610131869382E-4
548000,7.457895777198922E-4
549000,7.40554946623574E-4
550000,7.353568658212089E-4
551000,7.301950829300709E-4
552000,7.250693472488269E-4
553000,7.199794097449402E-4
554000,7.149250230420289E-4
555000,7.099059414072548E-4
556000,7.049219207387029E-4
557000,6.999727185527427E-4
558000,6.95058093971425E-4
559000,6.901778077098527E-4
560000,6.853316220635481E-4
561000,6.805193040612648E-4
562000,6.757406234286009E-4
563000,6.70995342438031E-4
564000,6.662832299466062E-4
565000,6.616040563545278E-4
566000,6.569575935933054E-4
567000,6.523436151139105E-4
568000,6.477618958749553E-4
569000,6.432122123308492E-4
570000,6.386943424199549E-4
571000,6.34208065552767E-4
572000,6.297531626000629E-4
573000,6.253294158810712E-4
574000,6.209366091516303E-4
575000,6.16574527592362E-4
576000,6.122429589846146E-4
577000,6.079417032140988E-4
578000,6.036705404379356E-4
579000,5.994292619316042E-4
580000,5.9521766037282E-4
581000,5.910355298308382E-4
582000,5.868826657557159E-4
583000,5.827588649676178E-4
584000,5.786639256460931E-4
585000,5.74597647319366E-4
586000,5.705598308536272E-4
587000,5.665502784423081E-4
588000,5.625687935953812E-4
589000,5.586151811286421E-4
590000,5.546892471529951E-4
591000,5.507907990637391E-4
592000,5.469196558936711E-4
593000,5.430756223380469E-4
594000,5.392585082911175E-4
595000,5.354681266695734E-4
596000,5.317042916549449E-4
597000,5.279668186838939E-4
598000,5.242555244385289E-4
599000,5.205702268367113E-4
600000,5.169107450223507E-4
601000,5.132768993557278E-4
602000,5.096685114037867E-4
603000,5.060854039304505E-4
604000,5.02527400886919E-4
605000,4.989943274019845E-4
606000,4.954860097723346E-4
607000,4.920022806528898E-4
608000,4.885429691793648E-4
609000,4.8510790214850355E-4
610000,4.816969107933792E-4
611000,4.7830982749179156E-4
612000,4.749464857573389E-4
613000,4.716067202304904E-4
614000,4.682903666696596E-4
615000,4.6499726194226354E-4
616000,4.6172724401580663E-4
617000,4.584801519489438E-4
618000,4.552558258825571E-4
619000,4.5205410703082E-4
620000,4.488748376722757E-4
621000,4.457178611408974E-4
622000,4.425830243865899E-4
623000,4.394701771451967E-4
624000,4.363791614603787E-4
625000,4.3330982512579163E-4
626000,4.302620169690048E-4
627000,4.2723558684327275E-4
628000,4.242303856193003E-4
629000,4.2124626517703713E-4
630000,4.1828307839742834E-4
631000,4.1534067915421555E-4
632000,4.1241892230569287E-4
633000,4.095176636864807E-4
634000,4.0663676009931757E-4
635000,4.037760693068212E-4
636000,4.0093545002326106E-4
637000,3.9811476242590076E-4
638000,3.9531387537129314E-4
639000,3.9253264411790405E-4
640000,3.897709314415868E-4
641000,3.870286010528042E-4
642000,3.8430551758912026E-4
643000,3.816015466077307E-4
644000,3.789165545779695E-4
645000,3.7625040887381627E-4
646000,3.736029777664274E-4
647000,3.709741304166294E-4
648000,3.683637368674455E-4
649000,3.6577166803660485E-4
650000,3.631977957090577E-4
651000,3.606419925294858E-4
652000,3.5810413199481865E-4
653000,3.5558409532035186E-4
654000,3.5308175458420127E-4
655000,3.5059698466871056E-4
656000,3.4812966274411423E-4
657000,3.456796668189812E-4
658000,3.432468757334347E-4
659000,3.40831169152363E-4
660000,3.3843242755865656E-4
661000,3.360505322464021E-4
662000,3.3368536531412825E-4
663000,3.313368096580061E-4
664000,3.290047489650756E-4
665000,3.2668906770646615E-4
666000,3.243896511306119E-4
667000,3.221063852564741E-4
668000,3.19839160888897E-4
669000,3.1758786644124447E-4
670000,3.1535238758921254E-4
671000,3.1313261366276154E-4
672000,3.109284347492563E-4
673000,3.0873974168730444E-4
674000,3.065664260606139E-4
675000,3.044083801918358E-4
676000,3.022654971364139E-4
677000,3.001376706764306E-4
678000,2.980247953144544E-4
679000,2.9592676626739276E-4
680000,2.938434794603321E-4
681000,2.9177483152039016E-4
682000,2.897207197705641E-4
683000,2.8768104407620826E-4
684000,2.8565570696949125E-4
685000,2.8364460412416296E-4
686000,2.816476358476351E-4
687000,2.796647031310018E-4
688000,2.776957076434489E-4
689000,2.757405517266705E-4
690000,2.737991383892822E-4
691000,2.718713713012342E-4
692000,2.699571547882248E-4
693000,2.680563938261133E-4
694000,2.661689940353373E-4
695000,2.642948616753176E-4
696000,2.624339036388843E-4
697000,2.6058602744667887E-4
698000,2.5875114142448854E-4
699000,2.569291604440637E-4
700000,2.5511998934391294E-4
701000,2.5332353833627856E-4
702000,2.5153971825016757E-4
703000,2.4976844052628113E-4
704000,2.4800961721194945E-4
705000,2.462631609560613E-4
706000,2.445289850039962E-4
707000,2.4280700319256028E-4
708000,2.4109712994491145E-4
709000,2.3939928026549967E-4
710000,2.3771336973499394E-4
711000,2.3603931450521618E-4
712000,2.3437703129407212E-4
713000,2.3272643738048444E-4
714000,2.310874575101208E-4
715000,2.2946000735617902E-4
716000,2.2784400442303873E-4
717000,2.2623936853880872E-4
718000,2.2464602009197838E-4
719000,2.2306388002708825E-4
720000,2.2149286984040261E-4
721000,2.1993291157558912E-4
722000,2.1838392781939206E-4
723000,2.1684584169730153E-4
724000,2.1531857686923097E-4
725000,2.138020575251936E-4
726000,2.1229620838097093E-4
727000,2.1080095467379214E-4
728000,2.093162221580049E-4
729000,2.0784193710075054E-4
730000,2.0637802627764015E-4
731000,2.0492441696842433E-4
732000,2.0348103695267186E-4
733000,2.0204781450544108E-4
734000,2.0062467839295398E-4
735000,1.9921155786827257E-4
736000,1.9780838266697116E-4
737000,1.9641508300280962E-4
738000,1.9503158956341273E-4
739000,1.936578335059345E-4
740000,1.9229374645274302E-4
741000,1.909392604870889E-4
742000,1.895943081487792E-4
743000,1.882588224298517E-4
744000,1.8693273712767138E-4
745000,1.856159869437565E-4
746000,1.843085052800298E-4
747000,1.8301022691675592E-4
748000,1.8172108706591657E-4
749000,1.8044102136692512E-4
750000,1.7916996588231395E-4
751000,1.7790785709344165E-4
752000,1.766546318961877E-4
753000,1.754102275966513E-4
754000,1.7417458190685306E-4
755000,1.7294763294043182E-4
756000,1.7172931920834717E-4
757000,1.7051957961457218E-4
758000,1.6931835345180098E-4
759000,1.6812558039713973E-4
760000,1.669412005078115E-4
761000,1.657651542168512E-4
762000,1.645973823288108E-4
763000,1.6343782601544804E-4
764000,1.6228642681143855E-4
765000,1.611431266100633E-4
766000,1.6000786765891551E-4
767000,1.58880592555595E-4
768000,1.5776124424341062E-4
769000,1.5664976600707743E-4
770000,1.5554610146841676E-4
771000,1.5445019458205374E-4
772000,1.5336205889571322E-4
773000,1.5228160010375628E-4
774000,1.5120874762671816E-4
775000,1.5014344786179324E-4
776000,1.4908564756727227E-4
777000,1.4803529385919157E-4
778000,1.4699233420798874E-4
779000,1.459567164351522E-4
780000,1.449283887098766E-4
781000,1.4390729954571362E-4
782000,1.4289339779722322E-4
783000,1.418866326566295E-4
784000,1.4088695365046874E-4
785000,1.398943106362476E-4
786000,1.389086537990895E-4
787000,1.3792993364839225E-4
788000,1.369581010144762E-4
789000,1.3599310704523997E-4
790000,1.3503490320281088E-4
791000,1.3408344126019945E-4
792000,1.3313867329794944E-4
793000,1.3220055170079173E-4
794000,1.312690291542975E-4
795000,1.3034405864152847E-4
796000,1.294255934396926E-4
797000,1.285135871167928E-4
798000,1.276080472595309E-4
799000,1.2670888653804846E-4
800000,1.2581605691151443E-4
801000,1.249295138229542E-4
802000,1.2404921302025697E-4
803000,1.2317511055338464E-4
804000,1.2230716277157976E-4
805000,1.2144532632057549E-4
806000,1.2058955813980338E-4
807000,1.1973981545960342E-4
808000,1.1889605579843255E-4
809000,1.1805823696007305E-4
810000,1.1722631703084287E-4
811000,1.1640025437680175E-4
812000,1.1558000764096334E-4
813000,1.1476553574050277E-4
814000,1.1395679786396423E-4
815000,1.131537534684728E-4
816000,1.1235636227694078E-4
817000,1.115645842752767E-4
818000,1.1077837970959688E-4
819000,1.0999770908343097E-4
820000,1.0922253315493382E-4
821000,1.0845281293409166E-4
822000,1.0768850967993314E-4
823000,1.0692958763771947E-4
824000,1.0617603788014712E-4
825000,1.0542779584909838E-4
826000,1.0468482420483005E-4
827000,1.039470858608552E-4
828000,1.0321454398148164E-4
829000,1.0248716197934745E-4
830000,1.0176490351295885E-4
831000,1.0104773248422885E-4
832000,1.0033561303601044E-4
833000,9.962850954963753E-5
834000,9.892638664245993E-5
835000,9.822920916538165E-5
836000,9.753694220039642E-5
837000,9.684955105812634E-5
838000,9.616700127535751E-5
839000,9.548925861257888E-5
840000,9.481628905151742E-5
841000,9.414805879267706E-5
842000,9.348453425287328E-5
843000,9.282568206277352E-5
844000,9.217146906443157E-5
845000,9.152186230882491E-5
846000,9.087682905339369E-5
847000,9.023633675957553E-5
848000,8.960035309034431E-5
849000,8.896885301737693E-5
850000,8.834182419347605E-5
851000,8.771921351489071E-5
852000,8.710098984924957E-5
853000,8.648712227142404E-5
854000,8.587758006140018E-5
855000,8.527233270214515E-5
856000,8.467134987747719E-5
857000,8.407460146993589E-5
858000,8.348205755864979E-5
859000,8.289368841720735E-5
860000,8.230946451152527E-5
861000,8.172935649771617E-5
862000,8.115333521996107E-5
863000,8.058137170837611E-5
864000,8.001343717688266E-5
865000,7.944950302107627E-5
866000,7.88895408160967E-5
867000,7.833352231449539E-5
868000,7.778141944410646E-5
869000,7.723320430591536E-5
870000,7.668884917192788E-5
871000,7.614832648303913E-5
872000,7.561160884690322E-5
873000,7.507866903580281E-5
874000,7.454947998451776E-5
875000,7.402402817847149E-5
876000,7.350229958249143E-5
877000,7.298424769440765E-5
878000,7.246984656648842E-5
879000,7.19590704236841E-5
880000,7.145189366187945E-5
881000,7.094829084615085E-5
882000,7.044823670901773E-5
883000,6.99517061487005E-5
884000,6.945867422737196E-5
885000,6.89691161694133E-5
886000,6.848300735966855E-5
887000,6.800032334169919E-5
888000,6.752103981603784E-5
889000,6.704513263844324E-5
890000,6.657257781815523E-5
891000,6.610335151614811E-5
892000,6.563743004338683E-5
893000,6.517478985907932E-5
894000,6.47154075689325E-5
895000,6.425925992340669E-5
896000,6.380632381596989E-5
897000,6.335657628135154E-5
898000,6.290999449379845E-5
899000,6.246655576532746E-5
900000,6.202623754398209E-5
901000,6.15890340960681E-5
902000,6.115492562556843E-5
903000,6.072387636597329E-5
904000,6.0295864728868756E-5
905000,5.987086927170056E-5
906000,5.944886869636961E-5
907000,5.9029841847828495E-5
908000,5.8613767712679265E-5
909000,5.820062541776867E-5
910000,5.779039422878712E-5
911000,5.7383053548862545E-5
912000,5.697858291715971E-5
913000,5.657696200747537E-5
914000,5.61781706268362E-5
915000,5.5782188714094504E-5
916000,5.538899633852499E-5
917000,5.499857369842216E-5
918000,5.461090111969741E-5
919000,5.4225959054474146E-5
920000,5.384372807968586E-5
921000,5.346418889567274E-5
922000,5.3087322324778144E-5
923000,5.2713109309944595E-5
924000,5.2341530913312546E-5
925000,5.197256831481505E-5
926000,5.160620281077559E-5
927000,5.12424306973716E-5
928000,5.088122900051872E-5
929000,5.052257284980972E-5
930000,5.016644429626545E-5
931000,4.9812825513116046E-5
932000,4.9461698794633154E-5
933000,4.911304655496306E-5
934000,4.8766851326959625E-5
935000,4.842309576101723E-5
936000,4.808176262390254E-5
937000,4.774283479758891E-5
938000,4.740629527808717E-5
939000,4.70721271742804E-5
940000,4.674031370675543E-5
941000,4.6410838206635995E-5
942000,4.608368411441542E-5
943000,4.5758834978789836E-5
944000,4.5436274455490314E-5
945000,4.5115986306115825E-5
946000,4.479795439696663E-5
947000,4.448216269787604E-5
948000,4.4168595281044355E-5
949000,4.385723631987022E-5
950000,4.354807008778479E-5
951000,4.3241080957083575E-5
952000,4.293625339776021E-5
953000,4.2633584860070066E-5
954000,4.23330523758884E-5
955000,4.203463820271669E-5
956000,4.1738327403951E-5
957000,4.144410514389054E-5
958000,4.115195668673493E-5
959000,4.086186739558425E-5
960000,4.0573822731435984E-5
961000,4.0287808252185655E-5
962000,4.000380961162341E-5
963000,3.972181255843392E-5
964000,3.944180293519425E-5
965000,3.9163766677373115E-5
966000,3.888768981232929E-5
967000,3.861355845830941E-5
968000,3.834135882344785E-5
969000,3.807107720476455E-5
970000,3.780269998716365E-5
971000,3.753621364243235E-5
972000,3.727160472823939E-5
973000,3.700885988713356E-5
974000,3.674796584554239E-5
975000,3.6488909412771055E-5
976000,3.6231677480000274E-5
977000,3.5976257019285374E-5
978000,3.572263508255507E-5
979000,3.547081290887402E-5
980000,3.5220766501478315E-5
981000,3.4972482801078566E-5
982000,3.472594936704387E-5
983000,3.448115384193351E-5
984000,3.423808395064766E-5
985000,3.399672749957849E-5
986000,3.375707237576043E-5
987000,3.3519106546021906E-5
988000,3.328281805613542E-5
989000,3.3048195029968974E-5
990000,3.2815225668636525E-5
991000,3.258389824964897E-5
992000,3.235420112606515E-5
993000,3.2126122725642715E-5
994000,3.189965154998875E-5
995000,3.167477617371062E-5
996000,3.14514852435676E-5
997000,3.122976747762033E-5
998000,3.100961166438283E-5
999000,3.079100666197339E-5
1000000,3.0573941397264376E-5
1001000,3.0358404865034154E-5
1002000,3.0144386127117505E-5
1003000,2.9931874311556647E-5
1004000,2.9720860045539973E-5
1005000,2.9511344426301386E-5
1006000,2.9303305854528746E-5
1007000,2.9096733902134256E-5
1008000,2.889161821103805E-5
1009000,2.8687948492468633E-5
1010000,2.8485714526263283E-5
1011000,2.8284906160168168E-5
1012000,2.808551330913905E-5
1013000,2.7887525954641333E-5
1014000,2.7690934143950765E-5
1015000,2.7495727989453655E-5
1016000,2.7301897667947057E-5
1017000,2.7109433419939737E-5
1018000,2.6918325548951822E-5
1019000,2.6728564420815582E-5
1020000,2.654014046297615E-5
1021000,2.635304416379096E-5
1022000,2.6167266071831284E-5
1023000,2.598279679518126E-5
1024000,2.5799627000739863E-5
1025000,2.5617747413519746E-5
1026000,2.543714881594858E-5
1027000,2.5257822047169548E-5
1028000,2.507975800234077E-5
1029000,2.490294763193642E-5
1030000,2.47273848623155E-5
1031000,2.455306768540577E-5
1032000,2.437997938030956E-5
1033000,2.420811127206909E-5
1034000,2.4037454744397978E-5
1035000,2.386800123910931E-5
1036000,2.3699742255542577E-5
1037000,2.353266934999139E-5
1038000,2.3366774135130483E-5
1039000,2.320204827944352E-5
1040000,2.303848350665008E-5
1041000,2.2876071595133535E-5
1042000,2.2714804377368247E-5
1043000,2.255467373934648E-5
1044000,2.239567162000656E-5
1045000,2.2237790010659952E-5
1046000,2.2081020954418536E-5
1047000,2.1925356545622194E-5
1048000,2.1770788929266235E-5
1049000,2.161731030042835E-5
1050000,2.1464912903696698E-5
1051000,2.1313589032596788E-5
1052000,2.1163331029019053E-5
1053000,2.1014131282646442E-5
1054000,2.08659822303813E-5
1055000,2.0718876355773364E-5
1056000,2.057280968351961E-5
1057000,2.0427777585299545E-5
1058000,2.0283767921206477E-5
1059000,2.0140773476514886E-5
1060000,1.9998787085433278E-5
1061000,1.9857801630626425E-5
1062000,1.971781004273831E-5
1063000,1.9578805299914597E-5
1064000,1.944078042732509E-5
1065000,1.9303728496686425E-5
1066000,1.916764262578469E-5
1067000,1.9032515977997667E-5
1068000,1.8898341761818133E-5
1069000,1.876511323037552E-5
1070000,1.863282368095939E-5
1071000,1.8501466454541165E-5
1072000,1.8371034935297372E-5
1073000,1.8241522550131855E-5
1074000,1.811292276819849E-5
1075000,1.7985229100423784E-5
1076000,1.7858435099029296E-5
1077000,1.7732534357054463E-5
1078000,1.760752050787889E-5
1079000,1.7483387224745095E-5
1080000,1.736012822028129E-5
1081000,1.723773724602337E-5
1082000,1.711621183798877E-5
1083000,1.699554608793534E-5
1084000,1.687573105241763E-5
1085000,1.6756760728122162E-5
1086000,1.6638629152260172E-5
1087000,1.6521330402164205E-5
1088000,1.6404858594884125E-5
1089000,1.6289207886783965E-5
1090000,1.617437247313773E-5
1091000,1.6060346587726372E-5
1092000,1.5947124502433836E-5
1093000,1.583470052684341E-5
1094000,1.5723069007834252E-5
1095000,1.5612224329177673E-5
1096000,1.5502160911133584E-5
1097000,1.5392873210046735E-5
1098000,1.5284355717943346E-5
1099000,1.517660296212717E-5
1100000,1.506960950477625E-5
1101000,1.4963369942538722E-5
1102000,1.4857878906130062E-5
1103000,1.4753131059928503E-5
1104000,1.4649121101572033E-5
1105000,1.4545843761554634E-5
1106000,1.4443293802822576E-5
1107000,1.434146602037094E-5
1108000,1.4240359472708228E-5
1109000,1.4139967533010978E-5
1110000,1.4040283412363667E-5
1111000,1.39413021134635E-5
1112000,1.3843018672573944E-5
1113000,1.37454281591853E-5
1114000,1.3648525675676523E-5
1115000,1.355230635697672E-5
1116000,1.3456765370226162E-5
1117000,1.3361897914437859E-5
1118000,1.3267699220158888E-5
1119000,1.3174164549131773E-5
1120000,1.3081289193955764E-5
1121000,1.298906847774838E-5
1122000,1.289749775380657E-5
1123000,1.2806572405268164E-5
1124000,1.2716287844773407E-5
1125000,1.2626639514125963E-5
1126000,1.2537622883954651E-5
1127000,1.2449233453374574E-5
1128000,1.2361466749648565E-5
1129000,1.2274318327848686E-5
1130000,1.2187783770517124E-5
1131000,1.2101858687328295E-5
1132000,1.2016538714749535E-5
1133000,1.193181951570288E-5
1134000,1.1847701450624333E-5
1135000,1.1764177313940546E-5
1136000,1.1681242069071092E-5
1137000,1.1598891557084114E-5
1138000,1.1517121647002166E-5
1139000,1.1435928235522027E-5
1140000,1.135530724673481E-5
1141000,1.1275254631845519E-5
1142000,1.1195766368893276E-5
1143000,1.1116838462471098E-5
1144000,1.1038466943445803E-5
1145000,1.0960647868677956E-5
1146000,1.0883377320741663E-5
1147000,1.0806651407644727E-5
1148000,1.0730466262548169E-5
1149000,1.0654818043486569E-5
1150000,1.0579702933087565E-5
1151000,1.0505117138292178E-5
1152000,1.0431056890074219E-5
1153000,1.0357518443160748E-5
1154000,1.0284498075751451E-5
1155000,1.021199208923897E-5
1156000,1.013999680792865E-5
1157000,1.0068508578758259E-5
1158000,9.997523771018237E-6
1159000,9.927038776071308E-6
1160000,9.857054628979878E-6
1161000,9.787563983469524E-6
1162000,9.71856327477082E-6
1163000,9.650049043172852E-6
1164000,9.582017852302526E-6
1165000,9.514466288893638E-6
1166000,9.447390962555358E-6
1167000,9.380788505540812E-6
1168000,9.314655572515936E-6
1169000,9.24898884032798E-6
1170000,9.183785007774213E-6
1171000,9.119040795370517E-6
1172000,9.05475294512029E-6
1173000,8.990918220282656E-6
1174000,8.927533405141602E-6
1175000,8.86459530477426E-6
1176000,8.802100744819825E-6
1177000,8.740046571248078E-6
1178000,8.67842965012798E-6
1179000,8.617246867396609E-6
1180000,8.55649512862744E-6
1181000,8.496171358799239E-6
1182000,8.436272502064757E-6
1183000,8.376795521519186E-6
1184000,8.317737398968992E-6
1185000,8.259095574684728E-6
1186000,8.200869971494974E-6
1187000,8.143054885985129E-6
1188000,8.085647420636609E-6
1189000,8.028644697549835E-6
1190000,7.972043858251465E-6
1191000,7.915842063501118E-6
1192000,7.86003649309876E-6
1193000,7.804624345691456E-6
1194000,7.74960283858029E-6
1195000,7.69496920752762E-6
1196000,7.640720706563942E-6
1197000,7.586854607794925E-6
1198000,7.533368201208506E-6
1199000,7.480258794481671E-6
1200000,7.427523712787668E-6
1201000,7.375160298602979E-6
1202000,7.323165911514275E-6
1203000,7.271537928025433E-6
1204000,7.220273741364668E-6
1205000,7.169370761291157E-6
1206000,7.118826413902602E-6
1207000,7.068638141441864E-6
1208000,7.018803402104001E-6
1209000,6.969319669843402E-6
1210000,6.920184434180694E-6
1211000,6.87139636117666E-6
1212000,6.822955348757553E-6
1213000,6.774856135388538E-6
1214000,6.727096329767537E-6
1215000,6.679673557708484E-6
1216000,6.632585461994845E-6
1217000,6.585829702233281E-6
1218000,6.539403954707072E-6
1219000,6.493305912230014E-6
1220000,6.447533283999769E-6
1221000,6.4020837954514955E-6
1222000,6.3569551881114475E-6
1223000,6.312145219450683E-6
1224000,6.267651662738478E-6
1225000,6.223472306896044E-6
1226000,6.179604956350007E-6
1227000,6.136047430886164E-6
1228000,6.092797565502881E-6
1229000,6.04985321026479E-6
1230000,6.007212230156489E-6
1231000,5.964872504935872E-6
1232000,5.922831928987921E-6
1233000,5.881088411178237E-6
1234000,5.83963987470665E-6
1235000,5.798484256960734E-6
1236000,5.757619509369528E-6
1237000,5.717043597257034E-6
1238000,5.676754499695808E-6
1239000,5.636750209360594E-6
1240000,5.597028732381911E-6
1241000,5.557588088199641E-6
1242000,5.518426309416561E-6
1243000,5.479541441651991E-6
1244000,5.440931543395414E-6
1245000,5.402594685860022E-6
1246000,5.364528952836277E-6
1247000,5.326732440545594E-6
1248000,5.289203257493865E-6
1249000,5.251939524325023E-6
1250000,5.214939373674775E-6
1251000,5.178200950023948E-6
1252000,5.14172240955238E-6
1253000,5.105501919992259E-6
1254000,5.069537660481852E-6
1255000,5.033827821419027E-6
1256000,4.99837060431492E-6
1257000,4.963164221647448E-6
1258000,4.928206896714951E-6
1259000,4.893496863489747E-6
1260000,4.8590323664718036E-6
1261000,4.824811660542168E-6
1262000,4.790833010816728E-6
1263000,4.7570955457275505E-6
1264000,4.723597473938578E-6
1265000,4.690336472090044E-6
1266000,4.65731085307803E-6
1267000,4.624518939547864E-6
1268000,4.591959063751135E-6
1269000,4.559629567402455E-6
1270000,4.527528801536416E-6
1271000,4.4956551263643835E-6
1272000,4.464006911131521E-6
1273000,4.4325825339734846E-6
1274000,4.401380381773495E-6
1275000,4.370398850019095E-6
1276000,4.339636342659009E-6
1277000,4.309091271960176E-6
1278000,4.278762058364439E-6
1279000,4.248647130345603E-6
1280000,4.21874492426615E-6
1281000,4.189053884234261E-6
1282000,4.159572461960625E-6
1283000,4.130299116615326E-6
1284000,4.101232314684736E-6
1285000,4.072370529828384E-6
1286000,4.043712242735872E-6
1287000,4.015255940983672E-6
1288000,3.987000118892131E-6
1289000,3.958943277382239E-6
1290000,3.931083923832575E-6
1291000,3.903420571936165E-6
1292000,3.8759517415573544E-6
1293000,3.848675958588718E-6
1294000,3.821591754807935E-6
1295000,3.794697667734619E-6
1296000,3.767992240487256E-6
1297000,3.741474021640115E-6
1298000,3.7151415650800274E-6
1299000,3.688993429863316E-6
1300000,3.66302818007274E-6
1301000,3.637244384674281E-6
1302000,3.6116406173740503E-6
1303000,3.586215456475215E-6
1304000,3.5609674847348422E-6
1305000,3.5358952892207716E-6
1306000,3.5109974611684727E-6
1307000,3.4862725958380444E-6
1308000,3.4617192923709584E-6
1309000,3.4373361536470166E-6
1310000,3.41312178614117E-6
1311000,3.3890747997805083E-6
1312000,3.3651938078010264E-6
1313000,3.3414774266045543E-6
1314000,3.317924275615645E-6
1315000,3.2945766617234412E-6
1316000,3.2714009715862907E-6
1317000,3.248388999050903E-6
1318000,3.2255395770654915E-6
1319000,3.202851545880657E-6
1320000,3.1803237529612495E-6
1321000,3.157955052898407E-6
1322000,3.135744307321363E-6
1323000,3.1136903848093766E-6
1324000,3.0917921608037184E-6
1325000,3.070048517519553E-6
1326000,3.0484583438578304E-6
1327000,3.0270205353172317E-6
1328000,3.0057339939061167E-6
1329000,2.984597628054361E-6
1330000,2.9636103525253537E-6
1331000,2.942771088327903E-6
1332000,2.9220787626281043E-6
1333000,2.901532308661326E-6
1334000,2.8811306656440737E-6
1335000,2.8608727786859672E-6
1336000,2.8407575987015645E-6
1337000,2.8207840823224208E-6
1338000,2.8009511918088564E-6
1339000,2.7812578949619748E-6
1340000,2.7617031650355586E-6
1341000,2.742285980647988E-6
1342000,2.723005325694134E-6
1343000,2.7038601892572972E-6
1344000,2.684849565521182E-6
1345000,2.665972453681692E-6
1346000,2.647227857858946E-6
1347000,2.628614787009166E-6
1348000,2.610132254836624E-6
1349000,2.5917792797054978E-6
1350000,2.5735548845518395E-6
1351000,2.55545809679552E-6
1352000,2.5374879482520344E-6
1353000,2.51964347504458E-6
1354000,2.5019237175158554E-6
1355000,2.484327720140001E-6
1356000,2.4668545314345397E-6
1357000,2.4495032038723273E-6
1358000,2.432272793793394E-6
1359000,2.4151623613169084E-6
1360000,2.3981709702531245E-6
1361000,2.3812976880152077E-6
1362000,2.364541585531273E-6
1363000,2.3479017371561885E-6
1364000,2.331377220583612E-6
1365000,2.314967116757785E-6
1366000,2.298674323902217E-6
1367000,2.2825173423011268E-6
1368000,2.266474239984622E-6
1369000,2.2505442011025897E-6
1370000,2.2347264146740225E-6
1371000,2.219020074519468E-6
1372000,2.2034243791934585E-6
1373000,2.1879385319168873E-6
1374000,2.172561740509499E-6
1375000,2.157293217322299E-6
1376000,2.142132179169918E-6
1377000,2.127077847263146E-6
1378000,2.1121294471412667E-6
1379000,2.0972862086045517E-6
1380000,2.082547365646633E-6
1381000,2.067912156386966E-6
1382000,2.0533798230032444E-6
1383000,2.038949611663824E-6
1384000,2.024620772460158E-6
1385000,2.0103925593392E-6
1386000,1.9962642300358794E-6
1387000,1.9822350460054876E-6
1388000,1.9683042723560983E-6
1389000,1.954471177781047E-6
1390000,1.9407350344912835E-6
1391000,1.9270951181478695E-6
1392000,1.9135507077943655E-6
1393000,1.9001010857892457E-6
1394000,1.8867455377383777E-6
1395000,1.873483352427413E-6
1396000,1.8603138217541887E-6
1397000,1.8472362406612115E-6
1398000,1.8342499070680515E-6
1399000,1.8213541218037838E-6
1400000,1.8085481885393855E-6
1401000,1.7958314137201935E-6
1402000,1.783203106498323E-6
1403000,1.7706625786650945E-6
1404000,1.758209144583454E-6
1405000,1.7458421211204115E-6
1406000,1.733560827579472E-6
1407000,1.721364585632997E-6
1408000,1.709252719254763E-6
1409000,1.6972245546522617E-6
1410000,1.685279420199196E-6
1411000,1.673416646367877E-6
1412000,1.6616355656616615E-6
1413000,1.649935512547392E-6
1414000,1.638315823387801E-6
1415000,1.6267758363739518E-6
1416000,1.6153148914576472E-6
1417000,1.6039323302838943E-6
1418000,1.5926398272841117E-6
1419000,1.5814417696204906E-6
1420000,1.5703224841237361E-6
1421000,1.559281412678131E-6
1422000,1.548318000564718E-6
1423000,1.5374316964129843E-6
1424000,1.526621952152596E-6
1425000,1.5158882229650933E-6
1426000,1.5052299672356257E-6
1427000,1.4946466465046233E-6
1428000,1.4841377254195503E-6
1429000,1.4737026716866013E-6
1430000,1.4633409560224082E-6
1431000,1.4530520521057493E-6
1432000,1.442835436529278E-6
1433000,1.4326905887512242E-6
1434000,1.422616991047105E-6
1435000,1.41261412846142E-6
1436000,1.402681488759413E-6
1437000,1.3928185623787298E-6
1438000,1.383024842381156E-6
1439000,1.3732998244043342E-6
1440000,1.3636430066134512E-6
1441000,1.354053889652983E-6
1442000,1.3445319765983756E-6
1443000,1.3350767729077732E-6
1444000,1.3256877863737419E-6
1445000,1.3163645270749336E-6
1446000,1.3071065073278762E-6
1447000,1.297913241638595E-6
1448000,1.2887842466544078E-6
1449000,1.279719041115568E-6
1450000,1.270717145807034E-6
1451000,1.2617780835101404E-6
1452000,1.2529013789543182E-6
1453000,1.24408655876883E-6
1454000,1.2353331514344476E-6
1455000,1.2266406872351947E-6
1456000,1.2180086982100307E-6
1457000,1.2094367181045916E-6
1458000,1.2009242823228733E-6
1459000,1.192470927878964E-6
1460000,1.184076193348748E-6
1461000,1.1757396188216162E-6
1462000,1.1674607458521836E-6
1463000,1.1592391174120004E-6
1464000,1.1510742778412503E-6
1465000,1.1429657728004851E-6
1466000,1.1349131492223204E-6
1467000,1.1269159552631574E-6
1468000,1.1189737402548722E-6
1469000,1.11108605465657E-6
1470000,1.1032655846136965E-6
1471000,1.0955048391700453E-6
1472000,1.0877987876692057E-6
1473000,1.0801470445457245E-6
1474000,1.072549226415292E-6
1475000,1.065004952038665E-6
1476000,1.0575138422856107E-6
1477000,1.0500755200987687E-6
1478000,1.042689610457624E-6
1479000,1.0353557403423917E-6
1480000,1.0280735386979228E-6
1481000,1.0208426363976454E-6
1482000,1.0136626662074693E-6
1483000,1.0065332627497033E-6
1484000,9.994540624669599E-7
1485000,9.924247035860864E-7
1486000,9.854448260820717E-7
1487000,9.785140716419639E-7
1488000,9.71632083628789E-7
1489000,9.647985070454546E-7
1490000,9.580129884986827E-7
1491000,9.51275176162914E-7
1492000,9.445847197442268E-7
1493000,9.37941270444254E-7
1494000,9.313444809240844E-7
1495000,9.247940052682072E-7
1496000,9.18289498948396E-7
1497000,9.118306187876574E-7
1498000,9.054170229241082E-7
1499000,8.990483707749227E-7
1500000,8.927243230002335E-7
1501000,8.864445414670517E-7
1502000,8.802086892131716E-7
1503000,8.740164304111108E-7
1504000,8.678674303319984E-7
1505000,8.617613553095134E-7
1506000,8.556978727037781E-7
1507000,8.496766508652918E-7
1508000,8.436973590988348E-7
1509000,8.377596676273925E-7
1510000,8.318632475560653E-7
1511000,8.26007770835996E-7
1512000,8.201929102282473E-7
1513000,8.144183392677835E-7
1514000,8.086837322273178E-7
1515000,8.029887640812722E-7
1516000,7.973331104696746E-7
1517000,7.917164476620775E-7
1518000,7.861384525214798E-7
1519000,7.805988024682322E-7
1520000,7.750971754439625E-7
1521000,7.696335713940849E-7
1522000,7.642218249908097E-7
1523000,7.588483299879676E-7
1524000,7.535128140738791E-7
1525000,7.482150063243623E-7
1526000,7.429546371765559E-7
1527000,7.377314384027777E-7
1528000,7.325451430843696E-7
1529000,7.2739548558551E-7
1530000,7.222822015270977E-7
1531000,7.172050277605672E-7
1532000,7.121637023417249E-7
1533000,7.071579645046301E-7
1534000,7.021875546353814E-7
1535000,6.972522142460037E-7
1536000,6.92351685948268E-7
1537000,6.874857134275432E-7
1538000,6.826540414166265E-7
1539000,6.778564156696024E-7
1540000,6.730925829356719E-7
1541000,6.683622909329931E-7
1542000,6.636652883225345E-7
1543000,6.590013246819075E-7
1544000,6.543701504792098E-7
1545000,6.497715170468789E-7
1546000,6.452051765555068E-7
1547000,6.406708819877162E-7
1548000,6.361683871119778E-7
1549000,6.316974464564593E-7
1550000,6.272578152828739E-7
1551000,6.228492495603079E-7
1552000,6.184715059390812E-7
1553000,6.141243417245778E-7
1554000,6.09807514851086E-7
1555000,6.055207838556426E-7
1556000,6.012639078518846E-7
1557000,5.970366465038747E-7
1558000,5.928387599999585E-7
1559000,5.886700090265937E-7
1560000,5.845301547422023E-7
1561000,5.804189587510086E-7
1562000,5.763361830768771E-7
1563000,5.722815901371621E-7
1564000,5.682549427165432E-7
1565000,5.642560039408749E-7
1566000,5.602845372510153E-7
1567000,5.563403063766881E-7
1568000,5.524230753103023E-7
1569000,5.485326082808132E-7
1570000,5.446686697275511E-7
1571000,5.408310242740717E-7
1572000,5.370194367019941E-7
1573000,5.332378086726928E-7
1574000,5.294914988687463E-7
1575000,5.257716461833235E-7
1576000,5.220780600281454E-7
1577000,5.184105508033984E-7
1578000,5.147689298806924E-7
1579000,5.111530095859781E-7
1580000,5.075626031824805E-7
1581000,5.039975248536429E-7
1582000,5.004575896860412E-7
1583000,4.969426136523427E-7
1584000,4.934524135942089E-7
1585000,4.899868072052579E-7
1586000,4.865456130139742E-7
1587000,4.831286503666569E-7
1588000,4.797357394103451E-7
1589000,4.763667010757536E-7
1590000,4.7302135706020147E-7
1591000,4.6969952981055787E-7
1592000,4.664010425061586E-7
1593000,4.6312571904174795E-7
1594000,4.5987338401041363E-7
1595000,4.5664386268651493E-7
1596000,4.53436981008614E-7
1597000,4.502525655624178E-7
1598000,4.4709044356370724E-7
1599000,4.439504428412597E-7
1600000,4.408323918198032E-7
1601000,4.377361195029266E-7
1602000,4.346614554560287E-7
1603000,4.3160822978924684E-7
1604000,4.285762731403866E-7
1605000,4.2556541665785773E-7
1606000,4.225754919836109E-7
1607000,4.196063312360613E-7
1608000,4.1665776699302847E-7
1609000,4.137296322746713E-7
1610000,4.1082176052641176E-7
1611000,4.0793398560187893E-7
1612000,4.0506614174583855E-7
1613000,4.0221806357711767E-7
1614000,3.9938958607154756E-7
1615000,3.9658054454489734E-7
1616000,3.9379077463579996E-7
1617000,3.91020112288689E-7
1618000,3.882683937367325E-7
1619000,3.8553545548476344E-7
1620000,3.8282113429221575E-7
1621000,3.801252671560561E-7
1622000,3.774476912937157E-7
1623000,3.747882441260258E-7
1624000,3.721467632601454E-7
1625000,3.6952872530682814E-7
1626000,3.6693260283361375E-7
1627000,3.643547410057669E-7
1628000,3.6179500912903464E-7
1629000,3.592532772837015E-7
1630000,3.5672941631388896E-7
1631000,3.54223297816832E-7
1632000,3.517347941321644E-7
1633000,3.492637783312106E-7
1634000,3.4681012420627E-7
1635000,3.4437370625989465E-7
1636000,3.419543996941877E-7
1637000,3.395520804000811E-7
1638000,3.371666249466251E-7
1639000,3.3479791057027303E-7
1640000,3.3244581516416213E-7
1641000,3.30110217267412E-7
1642000,3.277909960543969E-7
1643000,3.2548803132404176E-7
1644000,3.2320120348909806E-7
1645000,3.2093039356544526E-7
1646000,3.186754831613571E-7
1647000,3.1643635446680425E-7
1648000,3.1421289024272884E-7
1649000,3.1200497381033845E-7
1650000,3.098124890403854E-7
1651000,3.0763532034246043E-7
1652000,3.054733526542681E-7
1653000,3.033264714309214E-7
1654000,3.011945626342265E-7
1655000,2.9907751272196554E-7
1656000,2.969752086371817E-7
1657000,2.948875377974703E-7
1658000,2.928143880842615E-7
1659000,2.907556478321047E-7
1660000,2.88711205817957E-7
1661000,2.8668095125046963E-7
1662000,2.8466477375927076E-7
1663000,2.826625633842532E-7
1664000,2.8067421056486214E-7
1665000,2.7869960612937616E-7
1666000,2.7673864128420065E-7
1667000,2.74791207603145E-7
1668000,2.7285719701671367E-7
1669000,2.7093650180139384E-7
1670000,2.6902901456893423E-7
1671000,2.6713462825563866E-7
1672000,2.652532361116485E-7
1673000,2.633847316902274E-7
1674000,2.6152900883704917E-7
1675000,2.5968596167948483E-7
1676000,2.578554846158827E-7
1677000,2.560416915878512E-7
1678000,2.542411000564468E-7
1679000,2.524531575579852E-7
1680000,2.506777751049997E-7
1681000,2.4891486426465543E-7
1682000,2.471643371512008E-7
1683000,2.4542610641842544E-7
1684000,2.437000852521185E-7
1685000,2.4198618736253036E-7
1686000,2.4028432697682243E-7
1687000,2.3859441883153394E-7
1688000,2.3691637816503015E-7
1689000,2.3525012070997013E-7
1690000,2.3359556268575813E-7
1691000,2.3195262079100194E-7
1692000,2.303212121959708E-7
1693000,2.2870125453505703E-7
1694000,2.2709266589922872E-7
1695000,2.2549536482848975E-7
1696000,2.2390927030433864E-7
1697000,2.2233430174222365E-7
1698000,2.207703789840017E-7
1699000,2.192174222903992E-7
1700000,2.176753523334638E-7
1701000,2.1614409018902677E-7
1702000,2.1462355732916207E-7
1703000,2.1311367561463455E-7
1704000,2.1161436728737373E-7
1705000,2.1012555496291649E-7
1706000,2.0864716162287172E-7
1707000,2.0717911060737975E-7
1708000,2.057213256075653E-7
1709000,2.0427373065799848E-7
1710000,2.0283625012915242E-7
1711000,2.014088087198587E-7
1712000,1.9999133144976895E-7
1713000,1.9858374365181014E-7
1714000,1.9718597096464027E-7
1715000,1.9579793932511145E-7
1716000,1.9441957496072386E-7
1717000,1.9305080438208447E-7
1718000,1.9169155437536513E-7
1719000,1.9034175199475858E-7
1720000,1.8900132455494033E-7
1721000,1.8767019962352215E-7
1722000,1.863483050135115E-7
1723000,1.8503556877577065E-7
1724000,1.8373191919147168E-7
1725000,1.824372847645572E-7
1726000,1.8115159421419474E-7
1727000,1.7987477646723827E-7
1728000,1.7860721603943544E-7
1729000,1.7735045593827319E-7
1730000,1.7610255858021144E-7
1731000,1.7486346176196175E-7
1732000,1.7363310362670404E-7
1733000,1.7241142265821656E-7
1734000,1.7119835767500944E-7
1735000,1.6999384782444454E-7
1736000,1.6879783257687338E-7
1737000,1.6761025171975843E-7
1738000,1.6643104535181156E-7
1739000,1.652601538771128E-7
1740000,1.6409751799924695E-7
1741000,1.6294307871543018E-7
1742000,1.617967773106369E-7
1743000,1.6065855535173293E-7
1744000,1.5952835468160104E-7
1745000,1.5840611741327288E-7
1746000,1.5729178592405396E-7
1747000,1.5618530284965748E-7
1748000,1.5508661107833118E-7
1749000,1.5399565374498574E-7
1750000,1.5291237422532357E-7
1751000,1.5183671612997105E-7
1752000,1.5076862329860312E-7
1753000,1.4970803979407689E-7
1754000,1.4865490989655546E-7
1755000,1.4760917809764224E-7
1756000,1.4657078909450643E-7
1757000,1.455396877840146E-7
1758000,1.4451581925685705E-7
1759000,1.4349912879167706E-7
1760000,1.4248956184920466E-7
1761000,1.4148706406637927E-7
1762000,1.4049158125048284E-7
1763000,1.3950305937326752E-7
1764000,1.385214445650844E-7
1765000,1.3754668310901377E-7
1766000,1.3657872143499212E-7
1767000,1.3561750611394467E-7
1768000,1.3466298385190996E-7
1769000,1.3371510148417353E-7
1770000,1.3277380596939139E-7
1771000,1.3183904438372657E-7
1772000,1.3091076391497099E-7
1773000,1.2998891185667793E-7
1774000,1.2907343560229143E-7
1775000,1.2816428263927305E-7
1776000,1.2726140054323538E-7
1777000,1.2636473697206428E-7
1778000,1.254742396600545E-7
1779000,1.2458985641203517E-7
1780000,1.2371267167827345E-7
1781000,1.228428664524258E-7
1782000,1.219792173680264E-7
1783000,1.2112168037787007E-7
1784000,1.202702116476864E-7
1785000,1.194247675518905E-7
1786000,1.1858530466933207E-7
1787000,1.1775177977904811E-7
1788000,1.1692414985601493E-7
1789000,1.1610237206689545E-7
1790000,1.1528640376579358E-7
1791000,1.144762024900035E-7
1792000,1.1367172595576028E-7
1793000,1.1287293205399303E-7
1794000,1.1207977884607372E-7
1795000,1.112922245595679E-7
1796000,1.1051022758398719E-7
1797000,1.0973374646653926E-7
1798000,1.0896273990787928E-7
1799000,1.0819716675786045E-7
1800000,1.0743698601128434E-7
1801000,1.0668215680365386E-7
1802000,1.0593263840692193E-7
1803000,1.0518839022524328E-7
1804000,1.0444937179072632E-7
1805000,1.0371554275918252E-7
1806000,1.0298686290587856E-7
1807000,1.0226329212128623E-7
1808000,1.0154479040683406E-7
1809000,1.0083131787065889E-7
1810000,1.0012283472335499E-7
1811000,9.941930127372577E-8
1812000,9.872067792453701E-8
1813000,9.802692516826331E-8
1814000,9.733800358284302E-8
1815000,9.665387382742794E-8
1816000,9.597449663813244E-8
1817000,9.529983282378734E-8
1818000,9.462984326168836E-8
1819000,9.39644888933492E-8
1820000,9.330373072025048E-8
1821000,9.264752979959248E-8
1822000,9.199584724004439E-8
1823000,9.134864419749686E-8
1824000,9.070588187081136E-8
1825000,9.006752149757297E-8
1826000,8.94335243498387E-8
1827000,8.880385172989142E-8
1828000,8.817846496598912E-8
1829000,8.755732540811566E-8
1830000,8.694039442373222E-8
1831000,8.632763339352835E-8
1832000,8.572081214822616E-8
1833000,8.511878434668801E-8
1834000,8.452100703635078E-8
1835000,8.392744941447085E-8
1836000,8.333808083887769E-8
1837000,8.275287082531483E-8
1838000,8.217178904477679E-8
1839000,8.159480532084919E-8
1840000,8.102188962704534E-8
1841000,8.045301208414546E-8
1842000,7.988814295753777E-8
1843000,7.932725265455343E-8
1844000,7.877031172180646E-8
1845000,7.821729084253381E-8
1846000,7.766816083393185E-8
1847000,7.712289264449617E-8
1848000,7.65814573513599E-8
1849000,7.604382615763187E-8
1850000,7.550997038973623E-8
1851000,7.497986149474967E-8
1852000,7.445347103774103E-8
1853000,7.393077069910995E-8
1854000,7.341173227192454E-8
1855000,7.289632765926087E-8
1856000,7.238452887154123E-8
1857000,7.187630802387268E-8
1858000,7.137163733338564E-8
1859000,7.087048911657235E-8
1860000,7.037283578662629E-8
1861000,6.987864985077917E-8
1862000,6.938790390764134E-8
1863000,6.89005706445391E-8
1864000,6.841662283485369E-8
1865000,6.793603333536E-8
1866000,6.745877508356491E-8
1867000,6.698482109504645E-8
1868000,6.651414446079107E-8
1869000,6.604671834453496E-8
1870000,6.558251598009836E-8
1871000,6.512151066872833E-8
1872000,6.466367577643539E-8
1873000,6.420898473133175E-8
1874000,6.375741102097123E-8
1875000,6.330892818968619E-8
1876000,6.286350983592802E-8
1877000,6.24211296096046E-8
1878000,6.198176120941796E-8
1879000,6.154537838020553E-8
1880000,6.111195491027675E-8
1881000,6.068146462875073E-8
1882000,6.025388140289794E-8
1883000,5.982927282692374E-8
1884000,5.940895294613719E-8
1885000,5.899158473873749E-8
1886000,5.857714714300541E-8
1887000,5.816561922978569E-8
1888000,5.775698020084751E-8
1889000,5.735120938724293E-8
1890000,5.6948286247668635E-8
1891000,5.654819036682367E-8
1892000,5.615090145377085E-8
1893000,5.575639934029607E-8
1894000,5.53646639792678E-8
1895000,5.497567544299733E-8
1896000,5.4589413921598776E-8
1897000,5.4205859721348075E-8
1898000,5.3824993263044224E-8
1899000,5.344679508036723E-8
1900000,5.307124581824017E-8
1901000,5.2698326231186676E-8
1902000,5.232801718169272E-8
1903000,5.196029963856581E-8
1904000,5.159515467529372E-8
1905000,5.1232563468406344E-8
1906000,5.087250729583372E-8
1907000,5.051496753526721E-8
1908000,5.015992566251844E-8
1909000,4.9807363249879514E-8
1910000,4.945726196448259E-8
1911000,4.910960356666008E-8
1912000,4.8764369908304486E-8
1913000,4.842154293122742E-8
1914000,4.8081104665521204E-8
1915000,4.774303722791642E-8
1916000,4.740732282014333E-8
1917000,4.707394372729155E-8
1918000,4.6742882316169155E-8
1919000,4.6414121033663554E-8
1920000,4.608764240509998E-8
1921000,4.5763429032602945E-8
1922000,4.544146359345414E-8
1923000,4.512172883845452E-8
1924000,4.480420759028231E-8
1925000,4.448888274185376E-8
1926000,4.417573725468241E-8
1927000,4.386475415723943E-8
1928000,4.355591654331329E-8
1929000,4.324920757036941E-8
1930000,4.2944610457910385E-8
1931000,4.26421084858355E-8
1932000,4.234168499280016E-8
1933000,4.2043323374577195E-8
1934000,4.174700708241503E-8
1935000,4.1453015876954157E-8
1936000,4.116161976560824E-8
1937000,4.08722895289348E-8
1938000,4.058501162250568E-8
1939000,4.029977260992157E-8
1940000,4.001655916174543E-8
1941000,3.973535805443686E-8
1942000,3.945615616928663E-8
1943000,3.917894049135035E-8
1944000,3.8903698108383264E-8
1945000,3.8630416209774E-8
1946000,3.83590820854788E-8
1947000,3.808968312495626E-8
1948000,3.7822206816100984E-8
1949000,3.7556640744177705E-8
1950000,3.7292972590756094E-8
1951000,3.7031190132644576E-8
1952000,3.677128124082422E-8
1953000,3.6513233879383785E-8
1954000,3.625703610445329E-8
1955000,3.600267606313831E-8
1956000,3.575014199245439E-8
1957000,3.549942221826079E-8
1958000,3.525050515419556E-8
1959000,3.500337930060881E-8
1960000,3.47580332434976E-8
1961000,3.45144556534397E-8
1962000,3.427263528452778E-8
1963000,3.403256097330433E-8
1964000,3.379422163769483E-8
1965000,3.355760627594301E-8
1966000,3.3322703965543896E-8
1967000,3.308950386217921E-8
1968000,3.2857995198650565E-8
1969000,3.262816728381446E-8
1970000,3.240000950151613E-8
1971000,3.217351130952349E-8
1972000,3.1948662238461945E-8
1973000,3.1725451890748075E-8
1974000,3.150386993952421E-8
1975000,3.1283906127592385E-8
1976000,3.106555026634852E-8
1977000,3.0848792234717224E-8
1978000,3.063362197808482E-8
1979000,3.042002950723499E-8
1980000,3.020800489728177E-8
1981000,2.9997538286604285E-8
1982000,2.9788619875781147E-8
1983000,2.958123992652429E-8
1984000,2.937538876061352E-8
1985000,2.917105675882993E-8
1986000,2.896823435989152E-8
1987000,2.8766912059385997E-8
1988000,2.8567080408705903E-8
1989000,2.8368730013982308E-8
1990000,2.8171851535019227E-8
1991000,2.7976435684227936E-8
1992000,2.7782473225560862E-8
1993000,2.7589954973446248E-8
1994000,2.7398871791721598E-8
1995000,2.72092145925693E-8
1996000,2.7020974335448773E-8
1997000,2.6834142026032697E-8
1998000,2.6648708715139914E-8
1999000,2.646466549767024E-8
2000000,2.6282003511538305E-8
