% Model,VAM_UC_-_dispersivity_0-029m_-_2017-05-30.mph
% Version,COMSOL 5.3.0.223
% Date,"May 30 2017, 14:56"
% Table,Table 1 (c_n - point_4) - Point Evaluation 1 - c_n (c_n)
% Time (s),"Concentration (kg/m^3), Point: 4"
0,0.999999193791616
1000,0.9999987121749186
2000,0.9999979224583594
3000,0.9999966196658888
4000,0.9999945234594841
5000,0.9999911143911538
6000,0.9999856320884521
7000,0.9999770830336292
8000,0.9999638361821086
9000,0.9999427035540424
10000,0.9999094698605611
11000,0.9998575466671967
12000,0.9997792907795623
13000,0.9996592411265564
14000,0.9994832389167101
15000,0.9992209660098481
16000,0.9988366093572798
17000,0.9982839084525289
18000,0.9974801421051824
19000,0.9963550414471932
20000,0.9947790475578975
21000,0.9926205275199821
22000,0.989713703312592
23000,0.9858397930819744
24000,0.9808085599394444
25000,0.9743588034772839
26000,0.9662522842511806
27000,0.956246284151777
28000,0.9441751067575448
29000,0.9298736960676537
30000,0.9132057893742698
31000,0.8940818896031457
32000,0.8724476976933426
33000,0.8482654004999765
34000,0.8216920610727558
35000,0.792977765073292
36000,0.7622866354530805
37000,0.7298960005466182
38000,0.696141054511752
39000,0.6614242805080077
40000,0.6260830887275065
41000,0.5904515038617969
42000,0.5550319524718499
43000,0.5201078006743662
44000,0.4858773014143716
45000,0.45277199527258444
46000,0.4209609307082628
47000,0.3904959406665588
48000,0.3616001639662782
49000,0.3343366023027298
50000,0.30868126305922605
51000,0.2846055026761794
52000,0.2620796930793713
53000,0.2411103723173048
54000,0.2215665095611288
55000,0.2033798745162301
56000,0.18652347403384328
57000,0.17091853104134794
58000,0.15654317428926107
59000,0.14338621254976716
60000,0.13141245358308884
61000,0.12056819295944646
62000,0.1107613418167359
63000,0.10196493229835858
64000,0.09411043472382687
65000,0.08710765570295445
66000,0.08088857530502372
67000,0.07537653571185891
68000,0.07049918989219714
69000,0.06616634125563194
70000,0.06231245440253675
71000,0.05890445689695977
72000,0.05586282167259962
73000,0.05314109523790097
74000,0.05071775853079989
75000,0.048548007090162396
76000,0.04660250801598203
77000,0.04485621254810636
78000,0.04329246167375111
79000,0.041892793430603946
80000,0.040631031667449934
81000,0.03950194229250181
82000,0.0384944644645201
83000,0.037591418214650583
84000,0.03678580934159359
85000,0.03606645468868424
86000,0.03542070341602485
87000,0.034840855965408736
88000,0.03431758977711909
89000,0.03384023748751723
90000,0.033401037629090094
91000,0.032992117449968925
92000,0.03260682483374123
93000,0.032238132872771455
94000,0.031881205465146896
95000,0.03153577131428968
96000,0.031197972206652685
97000,0.03086656603135712
98000,0.030541375580776756
99000,0.030223288550537866
100000,0.029915286719544222
101000,0.029618954692235577
102000,0.02933062377163576
103000,0.029049973291398065
104000,0.028776682585175788
105000,0.028510430986622214
106000,0.028249095482031982
107000,0.02798802612431347
108000,0.027731819850937804
109000,0.02748047666190499
110000,0.027233996557215027
111000,0.02699237953686791
112000,0.02675562560086365
113000,0.026523734749202235
114000,0.026296706981883678
115000,0.026074542298907967
116000,0.025857240700275105
117000,0.025644802185985097
118000,0.025434654586713935
119000,0.025217899538929042
120000,0.025003920663910495
121000,0.024792717961658276
122000,0.0245842914321724
123000,0.024378641075452866
124000,0.024175766891499664
125000,0.023975668880312804
126000,0.023778347041892283
127000,0.023583801376238098
128000,0.023392031883350255
129000,0.023203038563228747
130000,0.023015540162402044
131000,0.022822464811271023
132000,0.022630721911884737
133000,0.022440311464243193
134000,0.022251233468346385
135000,0.022063487924194308
136000,0.021877074831786962
137000,0.02169199419112436
138000,0.021508246002206487
139000,0.021325830265033346
140000,0.021144746979604945
141000,0.020964996145921275
142000,0.020786577763982343
143000,0.020609491833788147
144000,0.020433738355338682
145000,0.020259317328633952
146000,0.02008622875367396
147000,0.019914472630458705
148000,0.01974404895898818
149000,0.01957495773926239
150000,0.019407198971281337
151000,0.019240772655045018
152000,0.019075678790553434
153000,0.018911917377806585
154000,0.018749484059092693
155000,0.018588254611156627
156000,0.018428347055752373
157000,0.018269761392879932
158000,0.018112497622539307
159000,0.01795655574473049
160000,0.01780193575945349
161000,0.017648637666708305
162000,0.017496661466494926
163000,0.01734600715881337
164000,0.01719667474366362
165000,0.017048664221045683
166000,0.01690197559095956
167000,0.016756608853405252
168000,0.016612564008382753
169000,0.01646984105589207
170000,0.0163284399959332
171000,0.016188360828506144
172000,0.0160496035536109
173000,0.01591216817124747
174000,0.01577605468141585
175000,0.015641263084116046
176000,0.015507793379348054
177000,0.015375645567111873
178000,0.01524481964740751
179000,0.015113001565235405
180000,0.014982119448663926
181000,0.014852358907523
182000,0.014723719941812626
183000,0.014596202551532806
184000,0.01446980673668354
185000,0.014344532497264828
186000,0.014220379833276668
187000,0.014097348744719062
188000,0.013975439231592009
189000,0.01385465129389551
190000,0.013734984931629562
191000,0.013616440144794167
192000,0.013499016933389325
193000,0.013382715297415039
194000,0.013267535236871304
195000,0.013153476751758124
196000,0.013040539842075495
197000,0.012928724507823421
198000,0.0128180307490019
199000,0.012708458565610928
200000,0.012600007957650514
201000,0.012492678925120652
202000,0.012386471468021343
203000,0.012279405568011173
204000,0.012172824298185392
205000,0.012067168829526177
206000,0.011962439162033534
207000,0.011858635295707461
208000,0.011755757230547958
209000,0.011653804966555025
210000,0.011552778503728661
211000,0.01145267784206887
212000,0.011353502981575645
213000,0.011255253922248992
214000,0.011157930664088909
215000,0.011061533207095397
216000,0.010966061551268455
217000,0.01087151569660808
218000,0.010777895643114278
219000,0.010685201390787045
220000,0.010593432939626382
221000,0.01050259028963229
222000,0.010412673440804767
223000,0.010323682393143813
224000,0.01023561714664943
225000,0.010148477701321617
226000,0.010062264057160373
227000,0.009976129146278198
228000,0.009890430933167058
229000,0.009805504200950384
230000,0.009721342970911718
231000,0.009637941264334612
232000,0.009555293102502605
233000,0.009473392506699244
234000,0.009392233498208079
235000,0.009311810098312652
236000,0.00923211632829651
237000,0.009153146209443202
238000,0.009074893763036268
239000,0.00899735301035926
240000,0.00892051797269572
241000,0.008844382671329195
242000,0.008768941127543232
243000,0.008694187362621375
244000,0.00862011539784717
245000,0.008546719254504164
246000,0.008473992953875902
247000,0.008401930517245932
248000,0.008330525965897798
249000,0.008259773321115046
250000,0.008189666604181222
251000,0.008120199836379873
252000,0.008051367038994544
253000,0.00798316223330878
254000,0.007915579440606127
255000,0.007848612682170134
256000,0.0077822559792843455
257000,0.007716503353232306
258000,0.007651348825297562
259000,0.007586786416763658
260000,0.007522810148914144
261000,0.00745941404303256
262000,0.007396592120402458
263000,0.00733433840230738
264000,0.007272646910030874
265000,0.007211511664856485
266000,0.0071509266880677574
267000,0.00709088600094824
268000,0.007031383624781478
269000,0.006972413580851015
270000,0.0069139698904404
271000,0.006856046574833177
272000,0.006798637655312891
273000,0.006741737153163092
274000,0.006685339089667322
275000,0.006629493973332505
276000,0.006574207126514065
277000,0.006519413117698753
278000,0.0064651061682386305
279000,0.006411280499485752
280000,0.006357930332792178
281000,0.006305049889509962
282000,0.006252633390991161
283000,0.006200675058587833
284000,0.006149169113652033
285000,0.006098109777535823
286000,0.006047491271591256
287000,0.005997307817170388
288000,0.005947553635625278
289000,0.005898222948307982
290000,0.005849309976570558
291000,0.005800808941765064
292000,0.005752714065243553
293000,0.005705019568358085
294000,0.005657719672460716
295000,0.005610808598903503
296000,0.005564280569038504
297000,0.005518129804217775
298000,0.0054723505257933715
299000,0.0054269369551173535
300000,0.005381883313541775
301000,0.005337183822418695
302000,0.005292832703100171
303000,0.005248824176938257
304000,0.005205152465285013
305000,0.005161811789492493
306000,0.005118796370912756
307000,0.005076100430897859
308000,0.005033718190799859
309000,0.004991643871970812
310000,0.0049498716957627744
311000,0.004908395883527805
312000,0.004867210656617961
313000,0.004826310236385296
314000,0.00478568884418187
315000,0.004745340701359738
316000,0.00470526002927096
317000,0.004665441049267589
318000,0.0046259588470359565
319000,0.004587728865436212
320000,0.004549815681543427
321000,0.004512215088616289
322000,0.004474922879913489
323000,0.00443793484869372
324000,0.004401246788215669
325000,0.004364854491738029
326000,0.004328753752519488
327000,0.004292940363818739
328000,0.00425741011889447
329000,0.004222158811005373
330000,0.004187182233410138
331000,0.0041524761793674545
332000,0.004118036442136015
333000,0.004083858814974507
334000,0.0040499390911416236
335000,0.004016273063896053
336000,0.003982856526496487
337000,0.003949685272201616
338000,0.003916755094270129
339000,0.0038840617859607182
340000,0.0038516011405320726
341000,0.003819368951242883
342000,0.00378736101135184
343000,0.003755573114117634
344000,0.0037240010527989555
345000,0.0036926406206544945
346000,0.003661487610942942
347000,0.0036305378169229872
348000,0.003599787031853322
349000,0.0035692310489926354
350000,0.0035388656615996184
351000,0.003508686662932963
352000,0.003478689846251356
353000,0.003448871004813491
354000,0.003419225931878057
355000,0.0033897504207037444
356000,0.0033604402645492438
357000,0.0033312912566732457
358000,0.00330229919033444
359000,0.0032734598587915178
360000,0.0032447690553031694
361000,0.0032162225731280844
362000,0.003188606680686184
363000,0.003161570976350651
364000,0.0031347488635565853
365000,0.0031081379522251034
366000,0.0030817358522773233
367000,0.00305554017363436
368000,0.003029548526217332
369000,0.0030037585199473547
370000,0.0029781677647455445
371000,0.0029527738705330195
372000,0.002927574447230895
373000,0.0029025671047602885
374000,0.0028777494530423152
375000,0.002853119101998094
376000,0.0028286736615487393
377000,0.0028044107416153696
378000,0.0027803279521191
379000,0.0027564229029810486
380000,0.0027326932041223315
381000,0.002709136465464065
382000,0.0026857502969273653
383000,0.00266253230843335
384000,0.0026394801099031357
385000,0.0026165913112578387
386000,0.0025938635224185755
387000,0.002571294353306463
388000,0.0025488814138426184
389000,0.0025266223139481575
390000,0.0025045146635441972
391000,0.002482556072551854
392000,0.0024607441508922457
393000,0.002439076508486487
394000,0.0024175507552556957
395000,0.0023961645011209886
396000,0.0023749153560034815
397000,0.002353800929824292
398000,0.002332818832504536
399000,0.002311966673965331
400000,0.002291242064127793
401000,0.0022706426129130387
402000,0.002250165930242185
403000,0.0022298096260363483
404000,0.0022095713102166454
405000,0.0021896542459748005
406000,0.0021704206279014116
407000,0.0021513501978311007
408000,0.002132441737870643
409000,0.002113694030126814
410000,0.0020951058567063906
411000,0.002076675999716147
412000,0.00205840324126286
413000,0.0020402863634533053
414000,0.0020223241483942576
415000,0.0020045153781924935
416000,0.001986858834954789
417000,0.0019693533007879185
418000,0.0019519975577986586
419000,0.001934790388093785
420000,0.0019177305737800735
421000,0.0019008168969642995
422000,0.0018840481397532382
423000,0.0018674230842536668
424000,0.00185094051257236
425000,0.001834599206816093
426000,0.0018183979490916423
427000,0.0018023355215057836
428000,0.0017864107061652927
429000,0.0017706222851769445
430000,0.001754969040647515
431000,0.0017394497546837806
432000,0.0017240632093925166
433000,0.0017088081868804985
434000,0.0016936834692545025
435000,0.0016786878386213038
436000,0.0016638200770876784
437000,0.001649078966760401
438000,0.0016344632897462488
439000,0.0016199718281519968
440000,0.001605603364084421
441000,0.0015913566796502967
442000,0.0015772305569563998
443000,0.0015632237781095064
444000,0.0015493351252163913
445000,0.001535563380383831
446000,0.0015219073257186008
447000,0.0015083657433274764
448000,0.0014949374153172337
449000,0.001481720348639844
450000,0.0014686353625370141
451000,0.0014556678994883227
452000,0.0014428169165766214
453000,0.0014300813708847632
454000,0.0014174602194956002
455000,0.0014049524194919849
456000,0.0013925569279567688
457000,0.0013802727019728057
458000,0.0013680986986229465
459000,0.0013560338749900442
460000,0.0013440771881569511
461000,0.0013322275952065191
462000,0.0013204840532216012
463000,0.001308845519285049
464000,0.0012973109504797159
465000,0.0012858793038884526
466000,0.001274549536594113
467000,0.0012633206056795485
468000,0.0012521914682276118
469000,0.0012411610813211548
470000,0.0012302284020430305
471000,0.0012193923874760904
472000,0.0012086519947031877
473000,0.001198006180807174
474000,0.0011874539028709024
475000,0.0011769941179772241
476000,0.0011666257832089921
477000,0.001156347855649059
478000,0.0011461592923802766
479000,0.0011360590504854975
480000,0.0011260460870475737
481000,0.001116119359149358
482000,0.0011062778238737025
483000,0.0010965204383034594
484000,0.0010868461595214811
485000,0.00107725394461062
486000,0.0010677427506537282
487000,0.0010583115347336583
488000,0.0010489592539332624
489000,0.001039684865335393
490000,0.0010304873260229023
491000,0.0010213655930786428
492000,0.0010124033456511503
493000,0.0010036170973502193
494000,9.949160380119033E-4
495000,9.862994035143638E-4
496000,9.777664297357619E-4
497000,9.693163525542595E-4
498000,9.609484078480179E-4
499000,9.526618314951988E-4
500000,9.444558593739635E-4
501000,9.363297273624736E-4
502000,9.282826713388906E-4
503000,9.20313927181376E-4
504000,9.124227307680913E-4
505000,9.04608317977198E-4
506000,8.968699246868576E-4
507000,8.892067867752317E-4
508000,8.816181401204815E-4
509000,8.741032206007689E-4
510000,8.666612640942552E-4
511000,8.592915064791018E-4
512000,8.519931836334702E-4
513000,8.447655314355224E-4
514000,8.376077857634193E-4
515000,8.305191824953226E-4
516000,8.234989575093939E-4
517000,8.165463466837948E-4
518000,8.096605858966861E-4
519000,8.028409110262302E-4
520000,7.960865579505883E-4
521000,7.893967625479218E-4
522000,7.827707606963923E-4
523000,7.762077882741611E-4
524000,7.697070811593899E-4
525000,7.632678752302402E-4
526000,7.568894063648735E-4
527000,7.505709104414512E-4
528000,7.443116233381348E-4
529000,7.381107809330858E-4
530000,7.319676191044659E-4
531000,7.258813737304364E-4
532000,7.19851280689159E-4
533000,7.138765758587951E-4
534000,7.079564951175058E-4
535000,7.020975193757506E-4
536000,6.963835292863E-4
537000,6.907286224134967E-4
538000,6.851321864358495E-4
539000,6.795936090318682E-4
540000,6.741122778800619E-4
541000,6.686875806589398E-4
542000,6.633189050470115E-4
543000,6.580056387227858E-4
544000,6.527471693647726E-4
545000,6.475428846514808E-4
546000,6.423921722614198E-4
547000,6.37294419873099E-4
548000,6.322490151650274E-4
549000,6.272553458157147E-4
550000,6.223127995036701E-4
551000,6.174207639074025E-4
552000,6.125786267054217E-4
553000,6.077857755762369E-4
554000,6.030415981983573E-4
555000,5.983454822502923E-4
556000,5.936968154105509E-4
557000,5.890949853576428E-4
558000,5.845393797700771E-4
559000,5.800293863263632E-4
560000,5.755643927050102E-4
561000,5.711437865845277E-4
562000,5.667669556434247E-4
563000,5.624332875602108E-4
564000,5.581421700133949E-4
565000,5.538929906814868E-4
566000,5.496851372429955E-4
567000,5.455179973764303E-4
568000,5.413909587603005E-4
569000,5.373034090731156E-4
570000,5.332547359933847E-4
571000,5.292443271996171E-4
572000,5.252715703703223E-4
573000,5.213358531840094E-4
574000,5.174365633191877E-4
575000,5.135730884543666E-4
576000,5.097448162680553E-4
577000,5.059511344387633E-4
578000,5.021914306449997E-4
579000,4.98465092565274E-4
580000,4.947715078780951E-4
581000,4.911100642619729E-4
582000,4.8748014939541633E-4
583000,4.838811509569347E-4
584000,4.8031245662503725E-4
585000,4.7677345407823345E-4
586000,4.732635309950327E-4
587000,4.69782075053944E-4
588000,4.6632847393347673E-4
589000,4.629021153121403E-4
590000,4.59502386868444E-4
591000,4.561286762808972E-4
592000,4.5278037122800896E-4
593000,4.4945685938828876E-4
594000,4.461575284402459E-4
595000,4.4288176606238963E-4
596000,4.3962895993322927E-4
597000,4.363984977312741E-4
598000,4.3318976713503356E-4
599000,4.3000215582301673E-4
600000,4.26835051473733E-4
601000,4.236878417656918E-4
602000,4.205599143774022E-4
603000,4.174506569873737E-4
604000,4.1435945727411554E-4
605000,4.1128570291613703E-4
606000,4.0822878159194737E-4
607000,4.05188080980056E-4
608000,4.021629887589721E-4
609000,3.991528926072051E-4
610000,3.961571802032642E-4
611000,3.931752392256588E-4
612000,3.902064573528982E-4
613000,3.8725022226349153E-4
614000,3.8430592163594826E-4
615000,3.8137294314877755E-4
616000,3.7845067448048894E-4
617000,3.7553850330959145E-4
618000,3.726358173145946E-4
619000,3.6974200417400765E-4
620000,3.6685645156633975E-4
621000,3.639785471701004E-4
622000,3.6122455485534385E-4
623000,3.5879526065658943E-4
624000,3.563882885327789E-4
625000,3.5400325046676254E-4
626000,3.51639758441391E-4
627000,3.4929742443951466E-4
628000,3.469758604439839E-4
629000,3.4467467843764927E-4
630000,3.423934904033611E-4
631000,3.4013190832396994E-4
632000,3.3788954418232617E-4
633000,3.3566600996128037E-4
634000,3.334609176436829E-4
635000,3.312738792123842E-4
636000,3.2910450665023477E-4
637000,3.2695241194008505E-4
638000,3.248172070647854E-4
639000,3.2269850400718636E-4
640000,3.2059591475013834E-4
641000,3.185090512764919E-4
642000,3.1643752556909734E-4
643000,3.143809496108052E-4
644000,3.123389353844659E-4
645000,3.103110948729299E-4
646000,3.0829704005904757E-4
647000,3.0629638292566964E-4
648000,3.043087354556462E-4
649000,3.0233370963182786E-4
650000,3.003709174370651E-4
651000,2.984199708542084E-4
652000,2.9648048186610817E-4
653000,2.9455206245561474E-4
654000,2.926343246055787E-4
655000,2.907268802988505E-4
656000,2.8882934151828056E-4
657000,2.869413202467193E-4
658000,2.850624284670172E-4
659000,2.8319227816202475E-4
660000,2.813304813145924E-4
661000,2.794766499075705E-4
662000,2.776303959238096E-4
663000,2.7579133134616E-4
664000,2.739590681574724E-4
665000,2.7213321834059705E-4
666000,2.703133938783845E-4
667000,2.6849920675368514E-4
668000,2.6669026894934954E-4
669000,2.6488619244822797E-4
670000,2.63086589233171E-4
671000,2.6129107128702904E-4
672000,2.594992505926526E-4
673000,2.57710739132892E-4
674000,2.559251488905978E-4
675000,2.541420918486205E-4
676000,2.5236117998981043E-4
677000,2.5058202529701807E-4
678000,2.4880423975309394E-4
679000,2.4702743534088837E-4
680000,2.45251224043252E-4
681000,2.4347521784303506E-4
682000,2.4169902872308815E-4
683000,2.3992226866626165E-4
684000,2.3814454965540604E-4
685000,2.3636548367337174E-4
686000,2.345846827030093E-4
687000,2.3280175872716905E-4
688000,2.310163237287015E-4
689000,2.2922798969045712E-4
690000,2.2743636859528626E-4
691000,2.2564107242603948E-4
692000,2.2384171316556722E-4
693000,2.220379027967199E-4
694000,2.2022925330234794E-4
695000,2.1841537666530186E-4
696000,2.1671839051293386E-4
697000,2.153393265377974E-4
698000,2.1397124069233686E-4
699000,2.1261396332028813E-4
700000,2.112673247653873E-4
701000,2.099311553713703E-4
702000,2.0860528548197316E-4
703000,2.072895454409318E-4
704000,2.059837655919823E-4
705000,2.0468777627886058E-4
706000,2.0340140784530272E-4
707000,2.021244906350446E-4
708000,2.008568549918222E-4
709000,1.9959833125937163E-4
710000,1.9834874978142883E-4
711000,1.9710794090172973E-4
712000,1.958757349640104E-4
713000,1.946519623120068E-4
714000,1.934364532894549E-4
715000,1.9222903824009076E-4
716000,1.9102954750765028E-4
717000,1.8983781143586944E-4
718000,1.8865366036848434E-4
719000,1.8747692464923089E-4
720000,1.8630743462184514E-4
721000,1.8514502063006298E-4
722000,1.8398951301762048E-4
723000,1.828407421282536E-4
724000,1.816985383056984E-4
725000,1.8056273189369078E-4
726000,1.7943315323596675E-4
727000,1.7830963267626235E-4
728000,1.7719200055831347E-4
729000,1.7608008722585616E-4
730000,1.7497372302262648E-4
731000,1.7387273829236034E-4
732000,1.7277696337879368E-4
733000,1.7168622862566261E-4
734000,1.7060036437670307E-4
735000,1.6951920097565103E-4
736000,1.6844256876624245E-4
737000,1.673702980922134E-4
738000,1.6630221929729984E-4
739000,1.6523816272523778E-4
740000,1.6417795871976313E-4
741000,1.6312143762461196E-4
742000,1.6206842978352026E-4
743000,1.6101876554022395E-4
744000,1.599722752384591E-4
745000,1.5892878922196165E-4
746000,1.5788813783446763E-4
747000,1.5685015141971297E-4
748000,1.5581466032143373E-4
749000,1.5478149488336583E-4
750000,1.5375048544924533E-4
751000,1.5272146236280817E-4
752000,1.5169425596779035E-4
753000,1.506686966079279E-4
754000,1.4964461462695677E-4
755000,1.4862184036861295E-4
756000,1.4760020417663245E-4
757000,1.4657953639475124E-4
758000,1.4555966736670532E-4
759000,1.4454042743623067E-4
760000,1.4352164694706327E-4
761000,1.425031562429392E-4
762000,1.414847856675943E-4
763000,1.404663655647647E-4
764000,1.3944772627818634E-4
765000,1.3842869815159517E-4
766000,1.374091115287272E-4
767000,1.3638879675331844E-4
768000,1.353675841691049E-4
769000,1.3434530411982252E-4
770000,1.3333817014582103E-4
771000,1.3237395189481249E-4
772000,1.3141407798887287E-4
773000,1.304585484280022E-4
774000,1.2950736321220053E-4
775000,1.285605223414678E-4
776000,1.2761802581580405E-4
777000,1.2667987363520924E-4
778000,1.2574606579968342E-4
779000,1.2481660230922653E-4
780000,1.2389148316383863E-4
781000,1.229707083635197E-4
782000,1.2205427790826971E-4
783000,1.2114219179808868E-4
784000,1.2023445003297665E-4
785000,1.1933105261293357E-4
786000,1.1843199953795943E-4
787000,1.1753729080805427E-4
788000,1.1664692642321807E-4
789000,1.1576090638345085E-4
790000,1.1487923068875257E-4
791000,1.1400189933912324E-4
792000,1.1312891233456291E-4
793000,1.1226026967507153E-4
794000,1.1139597136064913E-4
795000,1.1053601739129567E-4
796000,1.0968040776701116E-4
797000,1.0882914248779564E-4
798000,1.079822215536491E-4
799000,1.0713964496457147E-4
800000,1.0630141272056283E-4
801000,1.0546752482162316E-4
802000,1.0463798126775246E-4
803000,1.0381278205895071E-4
804000,1.029919271952179E-4
805000,1.0217541667655409E-4
806000,1.0136325050295925E-4
807000,1.0055542867443334E-4
808000,9.975195119097642E-5
809000,9.895281805258845E-5
810000,9.815802925926945E-5
811000,9.736758481101943E-5
812000,9.658148470783835E-5
813000,9.579972894972622E-5
814000,9.502231753668309E-5
815000,9.42492504687089E-5
816000,9.348052774580366E-5
817000,9.27161493679674E-5
818000,9.195611533520012E-5
819000,9.120042564750179E-5
820000,9.044908030487241E-5
821000,8.9702079307312E-5
822000,8.895942265482057E-5
823000,8.822111034739808E-5
824000,8.748714238504456E-5
825000,8.675751876776001E-5
826000,8.603223949554443E-5
827000,8.531130456839782E-5
828000,8.459471398632014E-5
829000,8.388246774931145E-5
830000,8.317456585737172E-5
831000,8.247100831050095E-5
832000,8.177179510869912E-5
833000,8.107692625196629E-5
834000,8.03864017403024E-5
835000,7.970022157370749E-5
836000,7.901838575218152E-5
837000,7.834089427572454E-5
838000,7.766774714433651E-5
839000,7.699894435801744E-5
840000,7.633448591676734E-5
841000,7.567437182058621E-5
842000,7.501860206947403E-5
843000,7.436717666343082E-5
844000,7.372039008119515E-5
845000,7.30786734088146E-5
846000,7.244132807347281E-5
847000,7.180835407516979E-5
848000,7.117975141390551E-5
849000,7.055552008968E-5
850000,6.993566010249323E-5
851000,6.932017145234523E-5
852000,6.8709054139236E-5
853000,6.810230816316552E-5
854000,6.74999335241338E-5
855000,6.690193022214083E-5
856000,6.630829825718661E-5
857000,6.571903762927117E-5
858000,6.51341483383945E-5
859000,6.455363038455656E-5
860000,6.397748376775738E-5
861000,6.340570848799697E-5
862000,6.283830454527531E-5
863000,6.22752719395924E-5
864000,6.171661067094826E-5
865000,6.116232073934288E-5
866000,6.0612402144776255E-5
867000,6.006685488724839E-5
868000,5.95256789667593E-5
869000,5.898887438330894E-5
870000,5.845644113689735E-5
871000,5.792837922752451E-5
872000,5.740468865519044E-5
873000,5.688536941989512E-5
874000,5.637042152163856E-5
875000,5.5859844960420766E-5
876000,5.5353639736241713E-5
877000,5.485180584910143E-5
878000,5.43543432989999E-5
879000,5.386125208593713E-5
880000,5.3372532209913127E-5
881000,5.288818367092787E-5
882000,5.2408206468981374E-5
883000,5.193260060407364E-5
884000,5.1461366076204656E-5
885000,5.099450288537444E-5
886000,5.053201103158297E-5
887000,5.007389051483027E-5
888000,4.9620141335116336E-5
889000,4.917076349244115E-5
890000,4.872575698680471E-5
891000,4.828512181820705E-5
892000,4.784885798664814E-5
893000,4.741696549212797E-5
894000,4.698944433464658E-5
895000,4.6566294514203946E-5
896000,4.614751603080007E-5
897000,4.573310888443494E-5
898000,4.532307307510858E-5
899000,4.4917408602820975E-5
900000,4.451611546757212E-5
901000,4.411919366936204E-5
902000,4.372664320819071E-5
903000,4.333846408405814E-5
904000,4.2954656296964314E-5
905000,4.2575219846909264E-5
906000,4.2200154733892965E-5
907000,4.182946095791543E-5
908000,4.146313851897664E-5
909000,4.110118741707662E-5
910000,4.0743607652215356E-5
911000,4.039039922439285E-5
912000,4.0041562133609096E-5
913000,3.969709637986411E-5
914000,3.935700196315788E-5
915000,3.90212788834904E-5
916000,3.868992714086168E-5
917000,3.836294673527173E-5
918000,3.8016681655362374E-5
919000,3.7618184421007794E-5
920000,3.722193507724937E-5
921000,3.68279336240871E-5
922000,3.643618006152098E-5
923000,3.6046674389551005E-5
924000,3.565941660817719E-5
925000,3.527440671739953E-5
926000,3.489164471721801E-5
927000,3.451113060763264E-5
928000,3.413286438864343E-5
929000,3.375684606025038E-5
930000,3.338307562245347E-5
931000,3.301155307525271E-5
932000,3.2642278418648105E-5
933000,3.227525165263966E-5
934000,3.191047277722735E-5
935000,3.15479417924112E-5
936000,3.1187658698191204E-5
937000,3.0829623494567356E-5
938000,3.0473836181539667E-5
939000,3.0120296759108128E-5
940000,2.9769005227272732E-5
941000,2.9419961586033493E-5
942000,2.9073165835390404E-5
943000,2.8728617975343475E-5
944000,2.8386318005892685E-5
945000,2.8046265927038052E-5
946000,2.7708461738779576E-5
947000,2.7372905441117243E-5
948000,2.7039597034051066E-5
949000,2.6708536517581043E-5
950000,2.6379723891707166E-5
951000,2.6053159156429453E-5
952000,2.5728842311747876E-5
953000,2.540677335766246E-5
954000,2.5086952294173195E-5
955000,2.476937912128008E-5
956000,2.4454053838983117E-5
957000,2.4140976447282306E-5
958000,2.3830146946177645E-5
959000,2.3521565335669138E-5
960000,2.321523161575678E-5
961000,2.2911145786440575E-5
962000,2.260930784772052E-5
963000,2.230971779959662E-5
964000,2.2012375642068875E-5
965000,2.1717281375137276E-5
966000,2.1424434998801828E-5
967000,2.113383651306254E-5
968000,2.0845485917919394E-5
969000,2.0559383213372406E-5
970000,2.0275528399421567E-5
971000,1.9993921476066875E-5
972000,1.9714562443308342E-5
973000,1.9437451301145957E-5
974000,1.9162588049579724E-5
975000,1.8889972688609645E-5
976000,1.8619605218235715E-5
977000,1.8351485638457943E-5
978000,1.8085613949276316E-5
979000,1.782199015069084E-5
980000,1.7560614242701517E-5
981000,1.7301486225308347E-5
982000,1.7044606098511334E-5
983000,1.6789973862310467E-5
984000,1.653758951670575E-5
985000,1.6287453061697183E-5
986000,1.6039564497284776E-5
987000,1.5793923823468515E-5
988000,1.555053104024841E-5
989000,1.5309386147624454E-5
990000,1.5070489145596648E-5
991000,1.4833840034164994E-5
992000,1.4599438813329495E-5
993000,1.4367285483090147E-5
994000,1.4137380043446949E-5
995000,1.39097224943999E-5
996000,1.368431283594901E-5
997000,1.3461151068094265E-5
998000,1.3240237190835675E-5
999000,1.3021571204173234E-5
1000000,1.280515310810695E-5
1001000,1.2590982902636814E-5
1002000,1.237906058776283E-5
1003000,1.2169386163484995E-5
1004000,1.1961959629803316E-5
1005000,1.1756780986717789E-5
1006000,1.1553850234228411E-5
1007000,1.1353167372335187E-5
1008000,1.1154732401038114E-5
1009000,1.0958545320337193E-5
1010000,1.0764606130232424E-5
1011000,1.0572914830723806E-5
1012000,1.0383471421811337E-5
1013000,1.0196275903495024E-5
1014000,1.0011328275774861E-5
1015000,9.82862853865085E-6
1016000,9.648176692122989E-6
1017000,9.46997273619128E-6
1018000,9.294016670855727E-6
1019000,9.120308496116323E-6
1020000,8.94884821197307E-6
1021000,8.779635818425967E-6
1022000,8.612671315475018E-6
1023000,8.447954703120222E-6
1024000,8.285485981361574E-6
1025000,8.12526515019908E-6
1026000,7.96729220963274E-6
1027000,7.811567159662547E-6
1028000,7.65809000028851E-6
1029000,7.506860731510622E-6
1030000,7.357879353328885E-6
1031000,7.2111458657433046E-6
1032000,7.066660268753871E-6
1033000,6.924422562360591E-6
1034000,6.784432746563463E-6
1035000,6.646690821362484E-6
1036000,6.511196786757662E-6
1037000,6.377950642748989E-6
1038000,6.2469523893364665E-6
1039000,6.1182020265200965E-6
1040000,5.991699554299879E-6
1041000,5.867444972675812E-6
1042000,5.7454382816478975E-6
1043000,5.625679481216135E-6
1044000,5.508168571380523E-6
1045000,5.392905552141064E-6
1046000,5.279890423497756E-6
1047000,5.1691231854506E-6
1048000,5.060603837999595E-6
1049000,4.954332381144743E-6
1050000,4.850308814886043E-6
1051000,4.748533139223494E-6
1052000,4.6490053541570946E-6
1053000,4.55172545968685E-6
1054000,4.456693455812757E-6
1055000,4.363909342534814E-6
1056000,4.273373119853023E-6
1057000,4.1850847877673855E-6
1058000,4.099044346277899E-6
1059000,4.015251795384562E-6
1060000,3.933707135087379E-6
1061000,3.854410365386347E-6
1062000,3.7773614862814677E-6
1063000,3.702560497772738E-6
1064000,3.630007399860162E-6
1065000,3.5597021925437366E-6
1066000,3.467884926483519E-6
1067000,3.32531279887863E-6
1068000,3.1839624059868982E-6
1069000,3.043833747808324E-6
1070000,2.904926824342905E-6
1071000,2.7672416355906427E-6
1072000,2.6307781815515385E-6
1073000,2.495536462225591E-6
1074000,2.361516477612799E-6
1075000,2.228718227713165E-6
1076000,2.0971417125266863E-6
1077000,1.966786932053366E-6
1078000,1.8376538862932022E-6
1079000,1.7097425752461936E-6
1080000,1.5830529989123425E-6
1081000,1.4575851572916488E-6
1082000,1.3333390503841119E-6
1083000,1.2103146781897307E-6
1084000,1.0885120407085063E-6
1085000,9.679311379404396E-7
1086000,8.485719698855298E-7
1087000,7.304345365437757E-7
1088000,6.135188379151794E-7
1089000,4.978248739997387E-7
1090000,3.833526447974558E-7
1091000,2.7010215030832834E-7
1092000,1.5807339053235888E-7
1093000,4.726636546954575E-8
1094000,-6.231892488011023E-8
1095000,-1.706824805166105E-7
1096000,-2.778243014399527E-7
1097000,-3.8374438765013924E-7
1098000,-4.884427391471683E-7
1099000,-5.919193559310404E-7
1100000,-6.94174238001757E-7
1101000,-7.952073853593156E-7
1102000,-8.950187980037183E-7
1103000,-9.936084759349635E-7
1104000,-1.090976419153053E-6
1105000,-1.187122627657985E-6
1106000,-1.2820471014497603E-6
1107000,-1.3757498405283787E-6
1108000,-1.4682308448938407E-6
1109000,-1.5594901145461463E-6
1110000,-1.6495276494852945E-6
1111000,-1.7383434497112857E-6
1112000,-1.8259375152241213E-6
1113000,-1.9123098460237993E-6
1114000,-1.9974604421103208E-6
1115000,-2.081389303483686E-6
1116000,-2.164096430143893E-6
1117000,-2.245581822090944E-6
1118000,-2.3258454793248377E-6
1119000,-2.4048874018455756E-6
1120000,-2.4827075896531567E-6
1121000,-2.559306042747581E-6
1122000,-2.6346827611288485E-6
1123000,-2.708837744796959E-6
1124000,-2.781770993751913E-6
1125000,-2.8534825079937103E-6
1126000,-2.923972287522351E-6
1127000,-2.993240332337834E-6
1128000,-3.061286642440162E-6
1129000,-3.1281112178293313E-6
1130000,-3.193714058505345E-6
1131000,-3.2580951644682017E-6
1132000,-3.3212545357179013E-6
1133000,-3.383192172254444E-6
1134000,-3.443908074077831E-6
1135000,-3.5034022411880606E-6
1136000,-3.5616746735851334E-6
1137000,-3.61872537126905E-6
1138000,-3.6745543342398087E-6
1139000,-3.729161562497411E-6
1140000,-3.782547056041858E-6
1141000,-3.8347108148731465E-6
1142000,-3.885652838991279E-6
1143000,-3.935373128396254E-6
1144000,-3.9838716830880745E-6
1145000,-4.031148503066736E-6
1146000,-4.0772035883322415E-6
1147000,-4.122036938884589E-6
1148000,-4.165648554723781E-6
1149000,-4.208038435849817E-6
1150000,-4.249206582262695E-6
1151000,-4.289152993962417E-6
1152000,-4.327877670948982E-6
1153000,-4.36538061322239E-6
1154000,-4.401661820782641E-6
1155000,-4.436721293629735E-6
1156000,-4.470559031763673E-6
1157000,-4.5031750351844555E-6
1158000,-4.53456930389208E-6
1159000,-4.564741837886548E-6
1160000,-4.593692637167857E-6
1161000,-4.621421701736012E-6
1162000,-4.64792903159101E-6
1163000,-4.673214626732851E-6
1164000,-4.697278487161534E-6
1165000,-4.720120612877061E-6
1166000,-4.741741003879432E-6
1167000,-4.762139660168645E-6
1168000,-4.781316581744702E-6
1169000,-4.799271768607602E-6
1170000,-4.816005220757346E-6
1171000,-4.831516938193933E-6
1172000,-4.845806920917363E-6
1173000,-4.858875168927636E-6
1174000,-4.870721682224753E-6
1175000,-4.881346460808712E-6
1176000,-4.890749504679515E-6
1177000,-4.898930813837161E-6
1178000,-4.9058903882816505E-6
1179000,-4.911628228012983E-6
1180000,-4.916144333031159E-6
1181000,-4.919438703336178E-6
1182000,-4.921511338928041E-6
1183000,-4.922362239806746E-6
1184000,-4.921991405972296E-6
1185000,-4.920398837424687E-6
1186000,-4.917584534163923E-6
1187000,-4.9135484961900016E-6
1188000,-4.908290723502924E-6
1189000,-4.901811216102689E-6
1190000,-4.894109973989297E-6
1191000,-4.8851869971627485E-6
1192000,-4.8750422856230434E-6
1193000,-4.863675839370182E-6
1194000,-4.851087658404163E-6
1195000,-4.837277742724988E-6
1196000,-4.822246092332656E-6
1197000,-4.805992707227167E-6
1198000,-4.788517587408522E-6
1199000,-4.76982073287672E-6
1200000,-4.74990214363176E-6
1201000,-4.7287618196736445E-6
1202000,-4.7063997610023715E-6
1203000,-4.682815967617943E-6
1204000,-4.6580104395203565E-6
1205000,-4.6319831767096135E-6
1206000,-4.604734179185714E-6
1207000,-4.576263446948658E-6
1208000,-4.546570979998445E-6
1209000,-4.515656778335075E-6
1210000,-4.483520841958548E-6
1211000,-4.450163170868865E-6
1212000,-4.415583765066025E-6
1213000,-4.379782624550028E-6
1214000,-4.362903494363687E-6
1215000,-4.387265256560513E-6
1216000,-4.411242061289794E-6
1217000,-4.434833908551529E-6
1218000,-4.458040798345719E-6
1219000,-4.480862730672364E-6
1220000,-4.503299705531463E-6
1221000,-4.525351722923018E-6
1222000,-4.5470187828470274E-6
1223000,-4.56830088530349E-6
1224000,-4.589198030292409E-6
1225000,-4.609710217813783E-6
1226000,-4.629837447867612E-6
1227000,-4.649579720453894E-6
1228000,-4.668937035572632E-6
1229000,-4.687909393223824E-6
1230000,-4.706496793407472E-6
1231000,-4.7246992361235745E-6
1232000,-4.742516721372131E-6
1233000,-4.759949249153143E-6
1234000,-4.776996819466609E-6
1235000,-4.793659432312531E-6
1236000,-4.809937087690907E-6
1237000,-4.825829785601738E-6
1238000,-4.841337526045023E-6
1239000,-4.856460309020764E-6
1240000,-4.871198134528959E-6
1241000,-4.885551002569608E-6
1242000,-4.899518913142713E-6
1243000,-4.913101866248272E-6
1244000,-4.926299861886287E-6
1245000,-4.939112900056755E-6
1246000,-4.951540980759679E-6
1247000,-4.963584103995058E-6
1248000,-4.975242269762891E-6
1249000,-4.986515478063179E-6
1250000,-4.997403728895923E-6
1251000,-5.00790702226112E-6
1252000,-5.018025358158772E-6
1253000,-5.02775873658888E-6
1254000,-5.037107157551442E-6
1255000,-5.046070621046458E-6
1256000,-5.054649127073931E-6
1257000,-5.062842675633856E-6
1258000,-5.070651266726238E-6
1259000,-5.078074900351073E-6
1260000,-5.085113576508364E-6
1261000,-5.09176729519811E-6
1262000,-5.098036056420309E-6
1263000,-5.103919860174964E-6
1264000,-5.109418706462074E-6
1265000,-5.114532595281639E-6
1266000,-5.119261526633658E-6
1267000,-5.123605500518132E-6
1268000,-5.12756451693506E-6
1269000,-5.1311385758844444E-6
1270000,-5.134327677366283E-6
1271000,-5.137131821380577E-6
1272000,-5.139551007927324E-6
1273000,-5.141585237006527E-6
1274000,-5.143234508618184E-6
1275000,-5.144498822762297E-6
1276000,-5.1453781794388635E-6
1277000,-5.145872578647886E-6
1278000,-5.145982020389362E-6
1279000,-5.145706504663294E-6
1280000,-5.1450460314696794E-6
1281000,-5.144000600808521E-6
1282000,-5.142570212679816E-6
1283000,-5.140754867083567E-6
1284000,-5.1385545640197725E-6
1285000,-5.135969303488432E-6
1286000,-5.132999085489547E-6
1287000,-5.129643910023117E-6
1288000,-5.125903777089141E-6
1289000,-5.12177868668762E-6
1290000,-5.117268638818553E-6
1291000,-5.112373633481943E-6
1292000,-5.107093670677786E-6
1293000,-5.101428750406085E-6
1294000,-5.095378872666838E-6
1295000,-5.088944037460045E-6
1296000,-5.082124244785708E-6
1297000,-5.074919494643825E-6
1298000,-5.0673297870343975E-6
1299000,-5.059355121957424E-6
1300000,-5.050995499412906E-6
1301000,-5.042250919400843E-6
1302000,-5.0331213819212335E-6
1303000,-5.023606886974079E-6
1304000,-5.01370743455938E-6
1305000,-5.003423024677136E-6
1306000,-4.992753657327347E-6
1307000,-4.981699332510011E-6
1308000,-4.970260050225131E-6
1309000,-4.958435810472705E-6
1310000,-4.946226613252735E-6
1311000,-4.9336324585652195E-6
1312000,-4.920653346410158E-6
1313000,-4.907289276787553E-6
1314000,-4.893540249697401E-6
1315000,-4.879406265139705E-6
1316000,-4.864887323114463E-6
1317000,-4.849983423621675E-6
1318000,-4.834694566661343E-6
1319000,-4.819020752233466E-6
1320000,-4.8029619803380425E-6
1321000,-4.7865182509750744E-6
1322000,-4.769689564144561E-6
1323000,-4.752475919846503E-6
1324000,-4.734877318080899E-6
1325000,-4.71689375884775E-6
1326000,-4.698525242147056E-6
1327000,-4.679771767978816E-6
1328000,-4.660633336343032E-6
1329000,-4.641109947239702E-6
1330000,-4.621201600668827E-6
1331000,-4.600908296630407E-6
1332000,-4.580230035124441E-6
1333000,-4.5591668161509305E-6
1334000,-4.537718639709876E-6
1335000,-4.515885505801273E-6
1336000,-4.493667414425127E-6
1337000,-4.471064365581435E-6
1338000,-4.448076359270199E-6
1339000,-4.424703395491416E-6
1340000,-4.400945474245089E-6
1341000,-4.376802595531217E-6
1342000,-4.3522747593497995E-6
1343000,-4.327361965700836E-6
1344000,-4.302064214584328E-6
1345000,-4.276381506000274E-6
1346000,-4.250313839948676E-6
1347000,-4.223861216429532E-6
1348000,-4.1970236354428425E-6
1349000,-4.169801096988609E-6
1350000,-4.142193601066829E-6
1351000,-4.114201147677505E-6
1352000,-4.085823736820634E-6
1353000,-4.057061368496219E-6
1354000,-4.027914042704259E-6
1355000,-3.998381759444753E-6
1356000,-3.9684645187177025E-6
1357000,-3.938162320523106E-6
1358000,-3.9074751648609645E-6
1359000,-3.876403051731278E-6
1360000,-3.844945981134046E-6
1361000,-3.8131039530692693E-6
1362000,-3.787753891187849E-6
1363000,-3.7758062928795208E-6
1364000,-3.763858694571192E-6
1365000,-3.7519110962628636E-6
1366000,-3.7399634979545352E-6
1367000,-3.728015899646207E-6
1368000,-3.716068301337878E-6
1369000,-3.7041207030295497E-6
1370000,-3.6921731047212217E-6
1371000,-3.680225506412893E-6
1372000,-3.668277908104565E-6
1373000,-3.6563303097962357E-6
1374000,-3.6443827114879078E-6
1375000,-3.6324351131795794E-6
1376000,-3.620487514871251E-6
1377000,-3.6085399165629222E-6
1378000,-3.596592318254594E-6
1379000,-3.5846447199462655E-6
1380000,-3.572697121637937E-6
1381000,-3.5607495233296083E-6
1382000,-3.54880192502128E-6
1383000,-3.5368543267129515E-6
1384000,-3.5249067284046227E-6
1385000,-3.5129591300962944E-6
1386000,-3.501011531787966E-6
1387000,-3.4890639334796376E-6
1388000,-3.477116335171309E-6
1389000,-3.4651687368629804E-6
1390000,-3.453221138554652E-6
1391000,-3.4412735402463237E-6
1392000,-3.429325941937995E-6
1393000,-3.417378343629667E-6
1394000,-3.405430745321338E-6
1395000,-3.39348314701301E-6
1396000,-3.381535548704681E-6
1397000,-3.369587950396353E-6
1398000,-3.357640352088024E-6
1399000,-3.3456927537796962E-6
1400000,-3.333745155471368E-6
1401000,-3.321797557163039E-6
1402000,-3.3098499588547107E-6
1403000,-3.2979023605463823E-6
1404000,-3.2859547622380535E-6
1405000,-3.274007163929725E-6
1406000,-3.2620595656213967E-6
1407000,-3.2501119673130684E-6
1408000,-3.2381643690047396E-6
1409000,-3.226216770696411E-6
1410000,-3.214269172388083E-6
1411000,-3.2023215740797544E-6
1412000,-3.1903739757714265E-6
1413000,-3.1784263774630973E-6
1414000,-3.1664787791547693E-6
1415000,-3.1545311808464405E-6
1416000,-3.1425835825381126E-6
1417000,-3.1306359842297833E-6
1418000,-3.1186883859214554E-6
1419000,-3.106740787613126E-6
1420000,-3.0947931893047986E-6
1421000,-3.0828455909964694E-6
1422000,-3.0708979926881414E-6
1423000,-3.0589503943798122E-6
1424000,-3.0470027960714843E-6
1425000,-3.0350551977631555E-6
1426000,-3.0231075994548275E-6
1427000,-3.0111600011464983E-6
1428000,-2.9992124028381703E-6
1429000,-2.987264804529843E-6
1430000,-2.9753172062215136E-6
1431000,-2.9633696079131856E-6
1432000,-2.9514220096048564E-6
1433000,-2.9394744112965285E-6
1434000,-2.9275268129881997E-6
1435000,-2.9155792146798717E-6
1436000,-2.9036316163715425E-6
1437000,-2.8916840180632145E-6
1438000,-2.8797364197548857E-6
1439000,-2.8677888214465578E-6
1440000,-2.8558412231382285E-6
1441000,-2.8438936248299006E-6
1442000,-2.831946026521572E-6
1443000,-2.819998428213244E-6
1444000,-2.8080508299049146E-6
1445000,-2.7961032315965867E-6
1446000,-2.7841556332882583E-6
1447000,-2.77220803497993E-6
1448000,-2.760260436671601E-6
1449000,-2.7483128383632727E-6
1450000,-2.7363652400549444E-6
1451000,-2.724417641746616E-6
1452000,-2.712470043438287E-6
1453000,-2.700522445129959E-6
1454000,-2.6885748468216304E-6
1455000,-2.676627248513302E-6
1456000,-2.6646796502049732E-6
1457000,-2.652732051896645E-6
1458000,-2.6407844535883165E-6
1459000,-2.628836855279988E-6
1460000,-2.6168892569716597E-6
1461000,-2.6049416586633314E-6
1462000,-2.5929940603550026E-6
1463000,-2.581046462046674E-6
1464000,-2.569098863738346E-6
1465000,-2.557151265430017E-6
1466000,-2.545203667121689E-6
1467000,-2.5332560688133607E-6
1468000,-2.521308470505032E-6
1469000,-2.5093608721967035E-6
1470000,-2.497413273888375E-6
1471000,-2.4854656755800467E-6
1472000,-2.473518077271718E-6
1473000,-2.4615704789633896E-6
1474000,-2.449622880655061E-6
1475000,-2.4376752823467324E-6
1476000,-2.425727684038404E-6
1477000,-2.4137800857300756E-6
1478000,-2.4018324874217473E-6
1479000,-2.3898848891134185E-6
1480000,-2.37793729080509E-6
1481000,-2.365989692496762E-6
1482000,-2.3540420941884333E-6
1483000,-2.342094495880105E-6
1484000,-2.3301468975717766E-6
1485000,-2.3181992992634478E-6
1486000,-2.3062517009551194E-6
1487000,-2.2943041026467914E-6
1488000,-2.2823565043384626E-6
1489000,-2.2704089060301343E-6
1490000,-2.258461307721806E-6
1491000,-2.2465137094134775E-6
1492000,-2.2345661111051487E-6
1493000,-2.2226185127968203E-6
1494000,-2.210670914488492E-6
1495000,-2.198723316180163E-6
1496000,-2.1867757178718348E-6
1497000,-2.1748281195635064E-6
1498000,-2.162880521255178E-6
1499000,-2.1509329229468492E-6
1500000,-2.138985324638521E-6
1501000,-2.1270377263301925E-6
1502000,-2.115090128021864E-6
1503000,-2.1031425297135353E-6
1504000,-2.091194931405207E-6
1505000,-2.0792473330968785E-6
1506000,-2.06729973478855E-6
1507000,-2.055352136480222E-6
1508000,-2.0434045381718934E-6
1509000,-2.0314569398635646E-6
1510000,-2.0195093415552362E-6
1511000,-2.0075617432469083E-6
1512000,-1.9956141449385795E-6
1513000,-1.983666546630251E-6
1514000,-1.9717189483219227E-6
1515000,-1.959771350013594E-6
1516000,-1.9478237517052656E-6
1517000,-1.935876153396937E-6
1518000,-1.923928555088609E-6
1519000,-1.91198095678028E-6
1520000,-1.9000333584719516E-6
1521000,-1.8880857601636232E-6
1522000,-1.8761381618552947E-6
1523000,-1.8641905635469663E-6
1524000,-1.8522429652386377E-6
1525000,-1.8402953669303095E-6
1526000,-1.828347768621981E-6
1527000,-1.8164001703136526E-6
1528000,-1.804452572005324E-6
1529000,-1.7925049736969956E-6
1530000,-1.780557375388667E-6
1531000,-1.7686097770803386E-6
1532000,-1.75666217877201E-6
1533000,-1.7447145804636817E-6
1534000,-1.732766982155353E-6
1535000,-1.720819383847025E-6
1536000,-1.7088717855386963E-6
1537000,-1.696924187230368E-6
1538000,-1.6849765889220394E-6
1539000,-1.673028990613711E-6
1540000,-1.6610813923053824E-6
1541000,-1.649133793997054E-6
1542000,-1.6371861956887254E-6
1543000,-1.625238597380397E-6
1544000,-1.6132909990720685E-6
1545000,-1.60134340076374E-6
1546000,-1.5893958024554117E-6
1547000,-1.5774482041470833E-6
1548000,-1.5655006058387547E-6
1549000,-1.5535530075304264E-6
1550000,-1.5416054092220978E-6
1551000,-1.5296578109137694E-6
1552000,-1.5177102126054408E-6
1553000,-1.5057626142971124E-6
1554000,-1.4938150159887838E-6
1555000,-1.4818674176804555E-6
1556000,-1.4699198193721269E-6
1557000,-1.4579722210637987E-6
1558000,-1.4460246227554701E-6
1559000,-1.4340770244471417E-6
1560000,-1.4221294261388132E-6
1561000,-1.4101818278304848E-6
1562000,-1.400771410775093E-6
1563000,-1.396352798928815E-6
1564000,-1.3919341870825368E-6
1565000,-1.3875155752362586E-6
1566000,-1.3830969633899804E-6
1567000,-1.3786783515437021E-6
1568000,-1.374259739697424E-6
1569000,-1.3698411278511457E-6
1570000,-1.365422516004867E-6
1571000,-1.3610039041585889E-6
1572000,-1.3565852923123107E-6
1573000,-1.3521666804660326E-6
1574000,-1.347748068619754E-6
1575000,-1.3433294567734762E-6
1576000,-1.338910844927198E-6
1577000,-1.3344922330809194E-6
1578000,-1.3300736212346412E-6
1579000,-1.3256550093883632E-6
1580000,-1.321236397542085E-6
1581000,-1.3168177856958065E-6
1582000,-1.3123991738495283E-6
1583000,-1.30798056200325E-6
1584000,-1.3035619501569719E-6
1585000,-1.2991433383106937E-6
1586000,-1.2947247264644154E-6
1587000,-1.2903061146181372E-6
1588000,-1.2858875027718588E-6
1589000,-1.2814688909255806E-6
1590000,-1.2770502790793024E-6
1591000,-1.2726316672330242E-6
1592000,-1.268213055386746E-6
1593000,-1.2637944435404677E-6
1594000,-1.2593758316941895E-6
1595000,-1.2549572198479113E-6
1596000,-1.2505386080016329E-6
1597000,-1.2461199961553547E-6
1598000,-1.2417013843090764E-6
1599000,-1.2372827724627982E-6
1600000,-1.23286416061652E-6
1601000,-1.2284455487702418E-6
1602000,-1.2240269369239636E-6
1603000,-1.2196083250776854E-6
1604000,-1.2151897132314072E-6
1605000,-1.210771101385129E-6
1606000,-1.2063524895388507E-6
1607000,-1.2019338776925723E-6
1608000,-1.197515265846294E-6
1609000,-1.1930966540000159E-6
1610000,-1.1886780421537377E-6
1611000,-1.1842594303074594E-6
1612000,-1.1798408184611812E-6
1613000,-1.1754222066149028E-6
1614000,-1.1710035947686246E-6
1615000,-1.1665849829223464E-6
1616000,-1.1621663710760682E-6
1617000,-1.15774775922979E-6
1618000,-1.1533291473835117E-6
1619000,-1.1489105355372335E-6
1620000,-1.1444919236909553E-6
1621000,-1.1400733118446769E-6
1622000,-1.1356546999983987E-6
1623000,-1.1312360881521205E-6
1624000,-1.1268174763058422E-6
1625000,-1.122398864459564E-6
1626000,-1.1179802526132858E-6
1627000,-1.1135616407670076E-6
1628000,-1.1091430289207294E-6
1629000,-1.1047244170744512E-6
1630000,-1.100305805228173E-6
1631000,-1.0958871933818947E-6
1632000,-1.0914685815356163E-6
1633000,-1.087049969689338E-6
1634000,-1.0826313578430599E-6
1635000,-1.0782127459967817E-6
1636000,-1.0737941341505035E-6
1637000,-1.069375522304225E-6
1638000,-1.0649569104579468E-6
1639000,-1.0605382986116686E-6
1640000,-1.0561196867653904E-6
1641000,-1.0517010749191122E-6
1642000,-1.047282463072834E-6
1643000,-1.0428638512265557E-6
1644000,-1.0384452393802775E-6
1645000,-1.034026627533999E-6
1646000,-1.0296080156877209E-6
1647000,-1.0251894038414427E-6
1648000,-1.0207707919951645E-6
1649000,-1.0163521801488862E-6
1650000,-1.011933568302608E-6
1651000,-1.0075149564563298E-6
1652000,-1.0030963446100516E-6
1653000,-9.986777327637734E-7
1654000,-9.942591209174952E-7
1655000,-9.89840509071217E-7
1656000,-9.854218972249385E-7
1657000,-9.810032853786603E-7
1658000,-9.765846735323821E-7
1659000,-9.72166061686104E-7
1660000,-9.677474498398257E-7
1661000,-9.633288379935475E-7
1662000,-9.589102261472693E-7
1663000,-9.544916143009908E-7
1664000,-9.500730024547126E-7
1665000,-9.456543906084343E-7
1666000,-9.412357787621561E-7
1667000,-9.368171669158779E-7
1668000,-9.323985550695996E-7
1669000,-9.279799432233214E-7
1670000,-9.235613313770433E-7
1671000,-9.191427195307651E-7
1672000,-9.147241076844867E-7
1673000,-9.103054958382085E-7
1674000,-9.058868839919302E-7
1675000,-9.014682721456519E-7
1676000,-8.970496602993737E-7
1677000,-8.926310484530955E-7
1678000,-8.882124366068173E-7
1679000,-8.837938247605391E-7
1680000,-8.793752129142608E-7
1681000,-8.749566010679825E-7
1682000,-8.705379892217043E-7
1683000,-8.661193773754261E-7
1684000,-8.617007655291478E-7
1685000,-8.572821536828696E-7
1686000,-8.528635418365914E-7
1687000,-8.484449299903132E-7
1688000,-8.440263181440349E-7
1689000,-8.396077062977566E-7
1690000,-8.351890944514784E-7
1691000,-8.307704826052002E-7
1692000,-8.263518707589219E-7
1693000,-8.219332589126437E-7
1694000,-8.175146470663654E-7
1695000,-8.130960352200872E-7
1696000,-8.08677423373809E-7
1697000,-8.042588115275308E-7
1698000,-7.998401996812525E-7
1699000,-7.954215878349743E-7
1700000,-7.91002975988696E-7
1701000,-7.865843641424177E-7
1702000,-7.821657522961395E-7
1703000,-7.777471404498613E-7
1704000,-7.733285286035831E-7
1705000,-7.689099167573049E-7
1706000,-7.644913049110266E-7
1707000,-7.600726930647483E-7
1708000,-7.556540812184701E-7
1709000,-7.512354693721919E-7
1710000,-7.468168575259136E-7
1711000,-7.423982456796354E-7
1712000,-7.379796338333572E-7
1713000,-7.33561021987079E-7
1714000,-7.291424101408007E-7
1715000,-7.247237982945223E-7
1716000,-7.203051864482442E-7
1717000,-7.15886574601966E-7
1718000,-7.114679627556876E-7
1719000,-7.070493509094093E-7
1720000,-7.026307390631311E-7
1721000,-6.98212127216853E-7
1722000,-6.937935153705748E-7
1723000,-6.893749035242966E-7
1724000,-6.849562916780182E-7
1725000,-6.8053767983174E-7
1726000,-6.761190679854618E-7
1727000,-6.717004561391834E-7
1728000,-6.672818442929052E-7
1729000,-6.62863232446627E-7
1730000,-6.584446206003488E-7
1731000,-6.540260087540706E-7
1732000,-6.496073969077923E-7
1733000,-6.45188785061514E-7
1734000,-6.407701732152358E-7
1735000,-6.363515613689576E-7
1736000,-6.319329495226794E-7
1737000,-6.275143376764011E-7
1738000,-6.230957258301229E-7
1739000,-6.186771139838446E-7
1740000,-6.142585021375664E-7
1741000,-6.098398902912881E-7
1742000,-6.054212784450099E-7
1743000,-6.010026665987317E-7
1744000,-5.965840547524535E-7
1745000,-5.921654429061752E-7
1746000,-5.877468310598969E-7
1747000,-5.833282192136187E-7
1748000,-5.789096073673404E-7
1749000,-5.744909955210623E-7
1750000,-5.70072383674784E-7
1751000,-5.656537718285057E-7
1752000,-5.612351599822275E-7
1753000,-5.568165481359492E-7
1754000,-5.523979362896711E-7
1755000,-5.479793244433928E-7
1756000,-5.435607125971146E-7
1757000,-5.391421007508363E-7
1758000,-5.34723488904558E-7
1759000,-5.303048770582798E-7
1760000,-5.258862652120016E-7
1761000,-5.214676533657233E-7
1762000,-5.179874195027155E-7
1763000,-5.163534077413346E-7
1764000,-5.147193959799538E-7
1765000,-5.13085384218573E-7
1766000,-5.114513724571923E-7
1767000,-5.098173606958114E-7
1768000,-5.081833489344305E-7
1769000,-5.065493371730498E-7
1770000,-5.04915325411669E-7
1771000,-5.032813136502881E-7
1772000,-5.016473018889072E-7
1773000,-5.000132901275264E-7
1774000,-4.983792783661456E-7
1775000,-4.967452666047648E-7
1776000,-4.95111254843384E-7
1777000,-4.934772430820032E-7
1778000,-4.918432313206224E-7
1779000,-4.902092195592416E-7
1780000,-4.885752077978607E-7
1781000,-4.869411960364799E-7
1782000,-4.853071842750992E-7
1783000,-4.836731725137183E-7
1784000,-4.820391607523375E-7
1785000,-4.804051489909567E-7
1786000,-4.787711372295759E-7
1787000,-4.771371254681951E-7
1788000,-4.7550311370681427E-7
1789000,-4.738691019454334E-7
1790000,-4.7223509018405256E-7
1791000,-4.7060107842267175E-7
1792000,-4.6896706666129095E-7
1793000,-4.6733305489991015E-7
1794000,-4.656990431385293E-7
1795000,-4.6406503137714843E-7
1796000,-4.6243101961576763E-7
1797000,-4.607970078543869E-7
1798000,-4.591629960930061E-7
1799000,-4.575289843316252E-7
1800000,-4.558949725702444E-7
1801000,-4.542609608088636E-7
1802000,-4.5262694904748276E-7
1803000,-4.50992937286102E-7
1804000,-4.493589255247212E-7
1805000,-4.4772491376334034E-7
1806000,-4.4609090200195954E-7
1807000,-4.444568902405787E-7
1808000,-4.428228784791979E-7
1809000,-4.411888667178171E-7
1810000,-4.395548549564363E-7
1811000,-4.379208431950554E-7
1812000,-4.3628683143367456E-7
1813000,-4.346528196722938E-7
1814000,-4.33018807910913E-7
1815000,-4.313847961495322E-7
1816000,-4.2975078438815134E-7
1817000,-4.281167726267705E-7
1818000,-4.264827608653897E-7
1819000,-4.248487491040089E-7
1820000,-4.2321473734262813E-7
1821000,-4.2158072558124727E-7
1822000,-4.1994671381986636E-7
1823000,-4.183127020584856E-7
1824000,-4.166786902971048E-7
1825000,-4.15044678535724E-7
1826000,-4.1341066677434325E-7
1827000,-4.1177665501296245E-7
1828000,-4.101426432515816E-7
1829000,-4.0850863149020074E-7
1830000,-4.0687461972881993E-7
1831000,-4.0524060796743913E-7
1832000,-4.036065962060583E-7
1833000,-4.0197258444467747E-7
1834000,-4.003385726832966E-7
1835000,-3.987045609219158E-7
1836000,-3.9707054916053506E-7
1837000,-3.9543653739915425E-7
1838000,-3.938025256377734E-7
1839000,-3.9216851387639254E-7
1840000,-3.9053450211501174E-7
1841000,-3.8890049035363093E-7
1842000,-3.8726647859225013E-7
1843000,-3.856324668308693E-7
1844000,-3.839984550694884E-7
1845000,-3.823644433081076E-7
1846000,-3.8073043154672686E-7
1847000,-3.7909641978534606E-7
1848000,-3.774624080239652E-7
1849000,-3.758283962625844E-7
1850000,-3.741943845012036E-7
1851000,-3.7256037273982274E-7
1852000,-3.7092636097844193E-7
1853000,-3.692923492170612E-7
1854000,-3.676583374556804E-7
1855000,-3.660243256942995E-7
1856000,-3.6439031393291867E-7
1857000,-3.6275630217153786E-7
1858000,-3.6112229041015706E-7
1859000,-3.594882786487763E-7
1860000,-3.578542668873954E-7
1861000,-3.5622025512601465E-7
1862000,-3.545862433646338E-7
1863000,-3.52952231603253E-7
1864000,-3.513182198418722E-7
1865000,-3.4968420808049133E-7
1866000,-3.480501963191105E-7
1867000,-3.4641618455772967E-7
1868000,-3.4478217279634886E-7
1869000,-3.431481610349681E-7
1870000,-3.415141492735873E-7
1871000,-3.3988013751220645E-7
1872000,-3.3824612575082565E-7
1873000,-3.366121139894448E-7
1874000,-3.34978102228064E-7
1875000,-3.333440904666832E-7
1876000,-3.3171007870530233E-7
1877000,-3.300760669439216E-7
1878000,-3.284420551825407E-7
1879000,-3.268080434211599E-7
1880000,-3.251740316597791E-7
1881000,-3.2354001989839826E-7
1882000,-3.2190600813701745E-7
1883000,-3.2027199637563665E-7
1884000,-3.186379846142558E-7
1885000,-3.1700397285287504E-7
1886000,-3.153699610914942E-7
1887000,-3.137359493301134E-7
1888000,-3.121019375687326E-7
1889000,-3.1046792580735177E-7
1890000,-3.088339140459709E-7
1891000,-3.071999022845901E-7
1892000,-3.0556589052320926E-7
1893000,-3.0393187876182845E-7
1894000,-3.022978670004477E-7
1895000,-3.0066385523906685E-7
1896000,-2.9902984347768604E-7
1897000,-2.973958317163052E-7
1898000,-2.957618199549244E-7
1899000,-2.941278081935436E-7
1900000,-2.924937964321628E-7
1901000,-2.908597846707819E-7
1902000,-2.8922577290940117E-7
1903000,-2.875917611480203E-7
1904000,-2.859577493866395E-7
1905000,-2.8432373762525865E-7
1906000,-2.8268972586387785E-7
1907000,-2.8105571410249704E-7
1908000,-2.7942170234111624E-7
1909000,-2.777876905797354E-7
1910000,-2.7615367881835463E-7
1911000,-2.745196670569738E-7
1912000,-2.7288565529559297E-7
1913000,-2.712516435342121E-7
1914000,-2.696176317728313E-7
1915000,-2.679836200114505E-7
1916000,-2.663496082500697E-7
1917000,-2.6471559648868885E-7
1918000,-2.630815847273081E-7
1919000,-2.6144757296592724E-7
1920000,-2.5981356120454643E-7
1921000,-2.5817954944316563E-7
1922000,-2.5654553768178483E-7
1923000,-2.5491152592040397E-7
1924000,-2.5327751415902317E-7
1925000,-2.516435023976423E-7
1926000,-2.5000949063626156E-7
1927000,-2.483754788748807E-7
1928000,-2.467414671134999E-7
1929000,-2.451074553521191E-7
1930000,-2.434734435907383E-7
1931000,-2.4183943182935744E-7
1932000,-2.4020542006797663E-7
1933000,-2.3857140830659583E-7
1934000,-2.36937396545215E-7
1935000,-2.3530338478383422E-7
1936000,-2.336693730224534E-7
1937000,-2.3203536126107256E-7
1938000,-2.3040134949969173E-7
1939000,-2.287673377383109E-7
1940000,-2.2713332597693012E-7
1941000,-2.254993142155493E-7
1942000,-2.2386530245416846E-7
1943000,-2.2223129069278766E-7
1944000,-2.2059727893140685E-7
1945000,-2.1896326717002602E-7
1946000,-2.173292554086452E-7
1947000,-2.1569524364726436E-7
1948000,-2.140612318858836E-7
1949000,-2.1242722012450276E-7
1950000,-2.1079320836312193E-7
1951000,-2.0915919660174112E-7
1952000,-2.075251848403603E-7
1953000,-2.058911730789795E-7
1954000,-2.0425716131759866E-7
1955000,-2.0262314955621785E-7
1956000,-2.0098913779483702E-7
1957000,-1.9935512603345622E-7
1958000,-1.977211142720754E-7
1959000,-1.960871025106946E-7
1960000,-1.9445309074931376E-7
1961000,-1.9281907898793293E-7
1962000,-1.9153209534093902E-7
1963000,-1.9092787598092688E-7
1964000,-1.9032365662091475E-7
1965000,-1.897194372609026E-7
1966000,-1.8911521790089045E-7
1967000,-1.8851099854087832E-7
1968000,-1.8790677918086619E-7
1969000,-1.8730255982085405E-7
1970000,-1.8669834046084192E-7
1971000,-1.8609412110082978E-7
1972000,-1.8548990174081762E-7
1973000,-1.848856823808055E-7
1974000,-1.8428146302079335E-7
1975000,-1.8367724366078125E-7
1976000,-1.8307302430076909E-7
1977000,-1.8246880494075695E-7
1978000,-1.8186458558074482E-7
1979000,-1.8126036622073268E-7
1980000,-1.8065614686072055E-7
1981000,-1.8005192750070842E-7
1982000,-1.7944770814069628E-7
1983000,-1.7884348878068415E-7
1984000,-1.78239269420672E-7
1985000,-1.7763505006065988E-7
1986000,-1.7703083070064774E-7
1987000,-1.764266113406356E-7
1988000,-1.7582239198062348E-7
1989000,-1.7521817262061134E-7
1990000,-1.746139532605992E-7
1991000,-1.7400973390058707E-7
1992000,-1.7340551454057494E-7
1993000,-1.728012951805628E-7
1994000,-1.7219707582055067E-7
1995000,-1.7159285646053854E-7
1996000,-1.709886371005264E-7
1997000,-1.7038441774051424E-7
1998000,-1.697801983805021E-7
1999000,-1.6917597902048997E-7
2000000,-1.6857175966047787E-7
